{
  "individual": {
    "||A||": 10.379180908203125,
    "||B||": 10.347373962402344,
    "cos(A, B)": 0.9367789030075073
  },
  "composites": {
    "vec-sum": {
      "||composite||": 10.198168754577637,
      "cos(composite, A)": 0.9841170310974121,
      "cos(composite, B)": 0.9840184450149536
    },
    "vec-mul": {
      "||composite||": 1.7475711107254028,
      "cos(composite, A)": 0.013727309182286263,
      "cos(composite, B)": 0.014800811186432838
    }
  }
}