{
  "combined_teacher": {
    "recon": {
      "rel_err": 0.005566694773733616,
      "cos_sim": 0.9985193014144897
    },
    "n_active": 20,
    "topk_features": [
      486,
      48,
      6571,
      217,
      3532,
      3640,
      1837,
      3,
      166,
      190,
      1220,
      3932,
      1946,
      401,
      2476,
      502,
      218,
      499,
      6427,
      6221
    ]
  },
  "sp_A_individual": {
    "n_active": 75,
    "topk_features": [
      96,
      242,
      406,
      409,
      282,
      510,
      1263,
      258,
      243,
      351,
      218,
      447,
      261,
      486,
      413,
      460,
      326,
      146,
      268,
      3532
    ]
  },
  "sp_B_individual": {
    "n_active": 54,
    "topk_features": [
      96,
      406,
      409,
      242,
      282,
      243,
      258,
      486,
      510,
      351,
      447,
      413,
      218,
      146,
      268,
      1263,
      261,
      567,
      534,
      9262
    ]
  },
  "sp_AB_union_size": 85,
  "conditions": {
    "syn-v1-AB": {
      "recon": {
        "rel_err": 0.038823552429676056,
        "cos_sim": 0.9980777502059937
      },
      "n_active": 56,
      "topk_features": [
        96,
        409,
        242,
        406,
        1263,
        510,
        282,
        447,
        243,
        258,
        351,
        218,
        268,
        261,
        146,
        413,
        326,
        356,
        112,
        159
      ],
      "jaccard_combined": 0.05555555555555555,
      "jaccard_union": 0.5494505494505495,
      "jaccard_sp_A": 0.5975609756097561,
      "jaccard_sp_B": 0.4666666666666667,
      "shared_with_combined": [
        218,
        486,
        401,
        3532
      ],
      "shared_with_union": [
        96,
        409,
        242,
        406,
        1263,
        510,
        282,
        447,
        243,
        258,
        351,
        218,
        268,
        261,
        146,
        413,
        326,
        356,
        112,
        159
      ]
    },
    "syn-v1-BA": {
      "recon": {
        "rel_err": 0.03712759166955948,
        "cos_sim": 0.9980384111404419
      },
      "n_active": 56,
      "topk_features": [
        96,
        409,
        406,
        242,
        282,
        1263,
        510,
        243,
        351,
        258,
        218,
        447,
        146,
        413,
        486,
        268,
        261,
        324,
        112,
        356
      ],
      "jaccard_combined": 0.08571428571428572,
      "jaccard_union": 0.5494505494505495,
      "jaccard_sp_A": 0.5232558139534884,
      "jaccard_sp_B": 0.5714285714285714,
      "shared_with_combined": [
        218,
        486,
        1220,
        401,
        3640,
        1837
      ],
      "shared_with_union": [
        96,
        409,
        406,
        242,
        282,
        1263,
        510,
        243,
        351,
        258,
        218,
        447,
        146,
        413,
        486,
        268,
        261,
        324,
        112,
        356
      ]
    },
    "syn-v2-AB": {
      "recon": {
        "rel_err": 0.03740826994180679,
        "cos_sim": 0.9981616139411926
      },
      "n_active": 60,
      "topk_features": [
        96,
        409,
        242,
        406,
        1263,
        282,
        510,
        447,
        258,
        243,
        351,
        218,
        261,
        268,
        146,
        413,
        356,
        326,
        112,
        460
      ],
      "jaccard_combined": 0.06666666666666667,
      "jaccard_union": 0.5934065934065934,
      "jaccard_sp_A": 0.6265060240963856,
      "jaccard_sp_B": 0.5405405405405406,
      "shared_with_combined": [
        218,
        401,
        3532,
        486,
        1220
      ],
      "shared_with_union": [
        96,
        409,
        242,
        406,
        1263,
        282,
        510,
        447,
        258,
        243,
        351,
        218,
        261,
        268,
        146,
        413,
        356,
        326,
        112,
        460
      ]
    },
    "syn-v2-BA": {
      "recon": {
        "rel_err": 0.032289694994688034,
        "cos_sim": 0.9981319308280945
      },
      "n_active": 53,
      "topk_features": [
        96,
        409,
        242,
        406,
        282,
        1263,
        510,
        447,
        243,
        258,
        351,
        218,
        146,
        486,
        268,
        413,
        356,
        261,
        112,
        324
      ],
      "jaccard_combined": 0.08955223880597014,
      "jaccard_union": 0.5,
      "jaccard_sp_A": 0.47126436781609193,
      "jaccard_sp_B": 0.5735294117647058,
      "shared_with_combined": [
        218,
        486,
        401,
        3640,
        1220,
        1946
      ],
      "shared_with_union": [
        96,
        409,
        242,
        406,
        282,
        1263,
        510,
        447,
        243,
        258,
        351,
        218,
        146,
        486,
        268,
        413,
        356,
        261,
        112,
        324
      ]
    },
    "vec-sum": {
      "recon": {
        "rel_err": 0.02238820679485798,
        "cos_sim": 0.9981201887130737
      },
      "n_active": 102,
      "topk_features": [
        96,
        282,
        409,
        242,
        406,
        1263,
        510,
        356,
        447,
        258,
        146,
        351,
        261,
        243,
        112,
        268,
        159,
        416,
        100,
        340
      ],
      "jaccard_combined": 0.042735042735042736,
      "jaccard_union": 0.4609375,
      "jaccard_sp_A": 0.4628099173553719,
      "jaccard_sp_B": 0.3565217391304348,
      "shared_with_combined": [
        218,
        401,
        486,
        1946,
        1220
      ],
      "shared_with_union": [
        96,
        282,
        409,
        242,
        406,
        1263,
        510,
        356,
        447,
        258,
        146,
        351,
        261,
        243,
        112,
        268,
        159,
        100,
        340,
        218
      ]
    },
    "vec-mul": {
      "recon": {
        "rel_err": 0.020972633734345436,
        "cos_sim": 0.997785747051239
      },
      "n_active": 82,
      "topk_features": [
        447,
        409,
        96,
        387,
        205,
        406,
        282,
        510,
        441,
        112,
        6312,
        6979,
        146,
        9805,
        5050,
        427,
        996,
        351,
        15,
        261
      ],
      "jaccard_combined": 0.009900990099009901,
      "jaccard_union": 0.2846153846153846,
      "jaccard_sp_A": 0.2975206611570248,
      "jaccard_sp_B": 0.29523809523809524,
      "shared_with_combined": [
        401
      ],
      "shared_with_union": [
        447,
        409,
        96,
        406,
        282,
        510,
        441,
        112,
        146,
        5050,
        351,
        261,
        32,
        567,
        268,
        242,
        154,
        243,
        9262,
        345
      ]
    }
  }
}