{
  "individual": {
    "||A||": 10.337272644042969,
    "||B||": 10.348154067993164,
    "cos(A, B)": 0.9408080577850342
  },
  "composites": {
    "vec-sum": {
      "||composite||": 10.188512802124023,
      "cos(composite, A)": 0.985075056552887,
      "cos(composite, B)": 0.9851067066192627
    },
    "vec-mul": {
      "||composite||": 1.7406532764434814,
      "cos(composite, A)": 0.012477925047278404,
      "cos(composite, B)": 0.016826318576931953
    }
  }
}