{
  "combined_teacher": {
    "recon": {
      "rel_err": 0.006805770099163055,
      "cos_sim": 0.9983351826667786
    },
    "n_active": 16,
    "topk_features": [
      486,
      48,
      3932,
      217,
      6571,
      6129,
      1837,
      3,
      166,
      158,
      1946,
      1307,
      502,
      962,
      190,
      552,
      0,
      1,
      2,
      4
    ]
  },
  "sp_A_individual": {
    "n_active": 60,
    "topk_features": [
      96,
      406,
      242,
      409,
      282,
      243,
      510,
      218,
      258,
      486,
      261,
      1263,
      413,
      351,
      447,
      534,
      2076,
      1241,
      159,
      1307
    ]
  },
  "sp_B_individual": {
    "n_active": 81,
    "topk_features": [
      96,
      406,
      242,
      282,
      447,
      1263,
      218,
      510,
      409,
      243,
      486,
      261,
      258,
      351,
      116,
      3932,
      534,
      159,
      401,
      441
    ]
  },
  "sp_AB_union_size": 95,
  "conditions": {
    "syn-v1-AB": {
      "recon": {
        "rel_err": 0.03443317487835884,
        "cos_sim": 0.9981665015220642
      },
      "n_active": 59,
      "topk_features": [
        96,
        406,
        242,
        409,
        1263,
        243,
        510,
        282,
        218,
        258,
        351,
        261,
        447,
        486,
        534,
        116,
        78,
        159,
        413,
        401
      ],
      "jaccard_combined": 0.056338028169014086,
      "jaccard_union": 0.5555555555555556,
      "jaccard_sp_A": 0.5657894736842105,
      "jaccard_sp_B": 0.627906976744186,
      "shared_with_combined": [
        486,
        1837,
        3932,
        1946
      ],
      "shared_with_union": [
        96,
        406,
        242,
        409,
        1263,
        243,
        510,
        282,
        218,
        258,
        351,
        261,
        447,
        486,
        534,
        116,
        78,
        159,
        413,
        401
      ]
    },
    "syn-v1-BA": {
      "recon": {
        "rel_err": 0.036804232746362686,
        "cos_sim": 0.9982104301452637
      },
      "n_active": 69,
      "topk_features": [
        96,
        406,
        409,
        1263,
        242,
        282,
        447,
        510,
        218,
        243,
        258,
        351,
        261,
        116,
        486,
        159,
        262,
        534,
        401,
        78
      ],
      "jaccard_combined": 0.0625,
      "jaccard_union": 0.5619047619047619,
      "jaccard_sp_A": 0.43333333333333335,
      "jaccard_sp_B": 0.6304347826086957,
      "shared_with_combined": [
        486,
        3932,
        6571,
        1946,
        962
      ],
      "shared_with_union": [
        96,
        406,
        409,
        1263,
        242,
        282,
        447,
        510,
        218,
        243,
        258,
        351,
        261,
        116,
        486,
        159,
        262,
        534,
        401,
        78
      ]
    },
    "syn-v2-AB": {
      "recon": {
        "rel_err": 0.036568596959114075,
        "cos_sim": 0.9981479048728943
      },
      "n_active": 58,
      "topk_features": [
        96,
        242,
        406,
        409,
        1263,
        510,
        282,
        243,
        218,
        447,
        258,
        351,
        261,
        159,
        486,
        534,
        78,
        116,
        413,
        268
      ],
      "jaccard_combined": 0.0136986301369863,
      "jaccard_union": 0.5,
      "jaccard_sp_A": 0.5324675324675324,
      "jaccard_sp_B": 0.5444444444444444,
      "shared_with_combined": [
        486
      ],
      "shared_with_union": [
        96,
        242,
        406,
        409,
        1263,
        510,
        282,
        243,
        218,
        447,
        258,
        351,
        261,
        159,
        486,
        534,
        78,
        116,
        413,
        268
      ]
    },
    "syn-v2-BA": {
      "recon": {
        "rel_err": 0.031904373317956924,
        "cos_sim": 0.9983211755752563
      },
      "n_active": 64,
      "topk_features": [
        96,
        406,
        242,
        1263,
        409,
        447,
        282,
        510,
        218,
        243,
        258,
        351,
        261,
        116,
        159,
        486,
        534,
        401,
        3932,
        324
      ],
      "jaccard_combined": 0.05263157894736842,
      "jaccard_union": 0.5742574257425742,
      "jaccard_sp_A": 0.4588235294117647,
      "jaccard_sp_B": 0.6477272727272727,
      "shared_with_combined": [
        486,
        3932,
        1946,
        962
      ],
      "shared_with_union": [
        96,
        406,
        242,
        1263,
        409,
        447,
        282,
        510,
        218,
        243,
        258,
        351,
        261,
        116,
        159,
        486,
        534,
        401,
        3932,
        324
      ]
    },
    "vec-sum": {
      "recon": {
        "rel_err": 0.027646098285913467,
        "cos_sim": 0.9980047941207886
      },
      "n_active": 97,
      "topk_features": [
        96,
        282,
        406,
        409,
        242,
        1263,
        447,
        510,
        258,
        351,
        356,
        261,
        146,
        218,
        159,
        243,
        112,
        100,
        416,
        340
      ],
      "jaccard_combined": 0.018018018018018018,
      "jaccard_union": 0.44360902255639095,
      "jaccard_sp_A": 0.3418803418803419,
      "jaccard_sp_B": 0.45901639344262296,
      "shared_with_combined": [
        486,
        1946
      ],
      "shared_with_union": [
        96,
        282,
        406,
        409,
        242,
        1263,
        447,
        510,
        258,
        351,
        261,
        146,
        218,
        159,
        243,
        112,
        100,
        416,
        340,
        441
      ]
    },
    "vec-mul": {
      "recon": {
        "rel_err": 0.022345801815390587,
        "cos_sim": 0.9977900981903076
      },
      "n_active": 84,
      "topk_features": [
        447,
        409,
        96,
        205,
        387,
        406,
        282,
        510,
        441,
        112,
        9805,
        6312,
        6979,
        146,
        996,
        242,
        427,
        261,
        351,
        15
      ],
      "jaccard_combined": 0.0,
      "jaccard_union": 0.2785714285714286,
      "jaccard_sp_A": 0.2743362831858407,
      "jaccard_sp_B": 0.2890625,
      "shared_with_combined": [],
      "shared_with_union": [
        447,
        409,
        96,
        406,
        282,
        510,
        441,
        112,
        146,
        242,
        427,
        261,
        351,
        32,
        268,
        567,
        5050,
        159,
        1263,
        345
      ]
    }
  }
}