{
  "individual": {
    "||A||": 10.346770286560059,
    "||B||": 10.393481254577637,
    "cos(A, B)": 0.9307783842086792
  },
  "composites": {
    "vec-sum": {
      "||composite||": 10.1890869140625,
      "cos(composite, A)": 0.9824627637863159,
      "cos(composite, B)": 0.982621431350708
    },
    "vec-mul": {
      "||composite||": 1.7450780868530273,
      "cos(composite, A)": 0.020099028944969177,
      "cos(composite, B)": 0.024478605017066002
    }
  }
}