{
  "combined_teacher": {
    "recon": {
      "rel_err": 0.006740103475749493,
      "cos_sim": 0.998443067073822
    },
    "n_active": 13,
    "topk_features": [
      486,
      48,
      1837,
      217,
      3,
      6571,
      1477,
      502,
      2476,
      218,
      166,
      525,
      190,
      0,
      1,
      2,
      4,
      5,
      6,
      7
    ]
  },
  "sp_A_individual": {
    "n_active": 46,
    "topk_features": [
      96,
      406,
      242,
      409,
      282,
      243,
      447,
      510,
      218,
      351,
      413,
      258,
      146,
      268,
      486,
      1263,
      261,
      154,
      6158,
      5050
    ]
  },
  "sp_B_individual": {
    "n_active": 63,
    "topk_features": [
      96,
      406,
      409,
      242,
      282,
      218,
      447,
      243,
      486,
      331,
      510,
      1263,
      351,
      258,
      268,
      413,
      100,
      441,
      504,
      261
    ]
  },
  "sp_AB_union_size": 75,
  "conditions": {
    "syn-v1-AB": {
      "recon": {
        "rel_err": 0.036481842398643494,
        "cos_sim": 0.9980855584144592
      },
      "n_active": 45,
      "topk_features": [
        96,
        409,
        406,
        242,
        243,
        282,
        447,
        510,
        218,
        1263,
        351,
        258,
        261,
        413,
        268,
        486,
        112,
        534,
        324,
        356
      ],
      "jaccard_combined": 0.07407407407407407,
      "jaccard_union": 0.5,
      "jaccard_sp_A": 0.6545454545454545,
      "jaccard_sp_B": 0.4594594594594595,
      "shared_with_combined": [
        218,
        486,
        2476,
        1477
      ],
      "shared_with_union": [
        96,
        409,
        406,
        242,
        243,
        282,
        447,
        510,
        218,
        1263,
        351,
        258,
        261,
        413,
        268,
        486,
        112,
        534,
        324,
        356
      ]
    },
    "syn-v1-BA": {
      "recon": {
        "rel_err": 0.04650327190756798,
        "cos_sim": 0.9980535507202148
      },
      "n_active": 51,
      "topk_features": [
        96,
        406,
        409,
        447,
        242,
        243,
        510,
        1263,
        218,
        282,
        351,
        413,
        486,
        100,
        268,
        116,
        331,
        324,
        258,
        453
      ],
      "jaccard_combined": 0.04918032786885246,
      "jaccard_union": 0.6153846153846154,
      "jaccard_sp_A": 0.515625,
      "jaccard_sp_B": 0.7014925373134329,
      "shared_with_combined": [
        218,
        486,
        1837
      ],
      "shared_with_union": [
        96,
        406,
        409,
        447,
        242,
        243,
        510,
        1263,
        218,
        282,
        351,
        413,
        486,
        100,
        268,
        116,
        331,
        324,
        258,
        453
      ]
    },
    "syn-v2-AB": {
      "recon": {
        "rel_err": 0.0370948500931263,
        "cos_sim": 0.9981326460838318
      },
      "n_active": 52,
      "topk_features": [
        96,
        409,
        406,
        242,
        243,
        282,
        447,
        218,
        1263,
        510,
        351,
        258,
        261,
        268,
        413,
        486,
        534,
        112,
        324,
        2476
      ],
      "jaccard_combined": 0.08333333333333333,
      "jaccard_union": 0.5487804878048781,
      "jaccard_sp_A": 0.6896551724137931,
      "jaccard_sp_B": 0.4935064935064935,
      "shared_with_combined": [
        218,
        486,
        2476,
        1477,
        1837
      ],
      "shared_with_union": [
        96,
        409,
        406,
        242,
        243,
        282,
        447,
        218,
        1263,
        510,
        351,
        258,
        261,
        268,
        413,
        486,
        534,
        112,
        324,
        2476
      ]
    },
    "syn-v2-BA": {
      "recon": {
        "rel_err": 0.04827280342578888,
        "cos_sim": 0.9981257915496826
      },
      "n_active": 51,
      "topk_features": [
        96,
        409,
        406,
        447,
        242,
        282,
        243,
        510,
        218,
        1263,
        351,
        486,
        100,
        413,
        268,
        324,
        331,
        258,
        261,
        1562
      ],
      "jaccard_combined": 0.03225806451612903,
      "jaccard_union": 0.5949367088607594,
      "jaccard_sp_A": 0.515625,
      "jaccard_sp_B": 0.6521739130434783,
      "shared_with_combined": [
        218,
        486
      ],
      "shared_with_union": [
        96,
        409,
        406,
        447,
        242,
        282,
        243,
        510,
        218,
        1263,
        351,
        486,
        100,
        413,
        268,
        324,
        331,
        258,
        261,
        1562
      ]
    },
    "vec-sum": {
      "recon": {
        "rel_err": 0.024871835485100746,
        "cos_sim": 0.9982244372367859
      },
      "n_active": 86,
      "topk_features": [
        96,
        409,
        406,
        282,
        242,
        447,
        510,
        1263,
        243,
        351,
        258,
        146,
        268,
        218,
        100,
        413,
        261,
        441,
        112,
        154
      ],
      "jaccard_combined": 0.020618556701030927,
      "jaccard_union": 0.49074074074074076,
      "jaccard_sp_A": 0.41935483870967744,
      "jaccard_sp_B": 0.46078431372549017,
      "shared_with_combined": [
        218,
        486
      ],
      "shared_with_union": [
        96,
        409,
        406,
        282,
        242,
        447,
        510,
        1263,
        243,
        351,
        258,
        146,
        268,
        218,
        100,
        413,
        261,
        441,
        112,
        154
      ]
    },
    "vec-mul": {
      "recon": {
        "rel_err": 0.01959310844540596,
        "cos_sim": 0.9978334903717041
      },
      "n_active": 87,
      "topk_features": [
        447,
        409,
        96,
        387,
        406,
        205,
        282,
        510,
        441,
        112,
        146,
        242,
        6312,
        9805,
        6979,
        5050,
        351,
        261,
        154,
        427
      ],
      "jaccard_combined": 0.010101010101010102,
      "jaccard_union": 0.3064516129032258,
      "jaccard_sp_A": 0.31683168316831684,
      "jaccard_sp_B": 0.29310344827586204,
      "shared_with_combined": [
        218
      ],
      "shared_with_union": [
        447,
        409,
        96,
        406,
        282,
        510,
        441,
        112,
        146,
        242,
        5050,
        351,
        261,
        154,
        427,
        1263,
        268,
        159,
        567,
        243
      ]
    }
  }
}