{
  "cos_pos_neg": 0.9026379585266113,
  "cos_pos_minus_neg": -0.9026379585266113,
  "cos_pos_math_neg": -1.0,
  "cos_neg_math_neg": -0.9026379585266113,
  "per_token": [
    {
      "i": 0,
      "cos(pos, neg)": 0.8878933191299438,
      "cos(pos, -neg)": -0.8878933191299438
    },
    {
      "i": 1,
      "cos(pos, neg)": 0.8948663473129272,
      "cos(pos, -neg)": -0.8948663473129272
    },
    {
      "i": 2,
      "cos(pos, neg)": 0.9077927470207214,
      "cos(pos, -neg)": -0.9077927470207214
    },
    {
      "i": 3,
      "cos(pos, neg)": 0.9191750288009644,
      "cos(pos, -neg)": -0.9191750288009644
    }
  ],
  "norms": {
    "||pos||": 10.454092025756836,
    "||neg||": 10.50461196899414,
    "||math-neg||": 10.454092025756836,
    "||pos - neg||": 4.624542236328125,
    "||pos + neg||": 20.442197799682617
  }
}