{
  "persona": {
    "recon": {
      "rel_err": 0.00905606523156166,
      "cos_sim": 0.998755693435669
    },
    "n_active": 24,
    "topk_features": [
      486,
      48,
      6571,
      324,
      502,
      568,
      13806,
      1241,
      4798,
      1837,
      190,
      439,
      567,
      2747,
      13947,
      6405,
      11769,
      3,
      401,
      1019
    ]
  },
  "conditions": {
    "pos-in-pos": {
      "recon": {
        "rel_err": 0.026200588792562485,
        "cos_sim": 0.9983232021331787
      },
      "n_active": 89,
      "topk_features": [
        96,
        242,
        447,
        406,
        282,
        409,
        1263,
        510,
        486,
        243,
        218,
        534,
        261,
        460,
        258,
        441,
        428,
        146,
        401,
        351
      ],
      "jaccard_active": 0.08653846153846154,
      "jaccard_topk": 0.05263157894736842,
      "shared_features": [
        486,
        401,
        324,
        567,
        1241,
        13947,
        11769,
        1837,
        1071
      ]
    },
    "neg-in-neg": {
      "recon": {
        "rel_err": 0.07849297672510147,
        "cos_sim": 0.9963611960411072
      },
      "n_active": 44,
      "topk_features": [
        331,
        218,
        504,
        96,
        242,
        134,
        409,
        324,
        1176,
        428,
        92,
        1263,
        460,
        486,
        510,
        243,
        4400,
        406,
        447,
        1000
      ],
      "jaccard_active": 0.046153846153846156,
      "jaccard_topk": 0.05263157894736842,
      "shared_features": [
        324,
        486,
        401
      ]
    },
    "pos-in-neg": {
      "recon": {
        "rel_err": 0.02225925214588642,
        "cos_sim": 0.9982607960700989
      },
      "n_active": 89,
      "topk_features": [
        96,
        242,
        409,
        447,
        406,
        282,
        460,
        510,
        1263,
        486,
        261,
        324,
        243,
        351,
        218,
        258,
        21,
        534,
        567,
        428
      ],
      "jaccard_active": 0.0970873786407767,
      "jaccard_topk": 0.08108108108108109,
      "shared_features": [
        486,
        324,
        567,
        401,
        1241,
        13947,
        4798,
        1837,
        13806,
        11769
      ]
    },
    "neg-in-pos": {
      "recon": {
        "rel_err": 0.14704297482967377,
        "cos_sim": 0.9960695505142212
      },
      "n_active": 63,
      "topk_features": [
        331,
        504,
        218,
        96,
        409,
        242,
        282,
        510,
        1263,
        406,
        447,
        92,
        134,
        2190,
        258,
        243,
        256,
        415,
        268,
        261
      ],
      "jaccard_active": 0.023529411764705882,
      "jaccard_topk": 0.0,
      "shared_features": [
        324,
        567
      ]
    },
    "math-neg-in-pos": {
      "recon": {
        "rel_err": 0.01962309330701828,
        "cos_sim": 0.998020589351654
      },
      "n_active": 105,
      "topk_features": [
        96,
        447,
        282,
        1263,
        409,
        406,
        242,
        510,
        441,
        146,
        159,
        345,
        268,
        427,
        320,
        356,
        351,
        112,
        340,
        258
      ],
      "jaccard_active": 0.04032258064516129,
      "jaccard_topk": 0.0,
      "shared_features": [
        567,
        1241,
        401,
        324,
        486
      ]
    },
    "math-neg-in-neg": {
      "recon": {
        "rel_err": 0.02290351688861847,
        "cos_sim": 0.9978210926055908
      },
      "n_active": 90,
      "topk_features": [
        447,
        96,
        409,
        345,
        205,
        510,
        406,
        1263,
        282,
        441,
        242,
        159,
        351,
        996,
        268,
        146,
        387,
        78,
        534,
        9805
      ],
      "jaccard_active": 0.03636363636363636,
      "jaccard_topk": 0.0,
      "shared_features": [
        567,
        1241,
        324,
        401
      ]
    }
  }
}