{
  "individual": {
    "||A||": 10.379180908203125,
    "||B||": 10.348376274108887,
    "cos(A, B)": 0.9411472082138062
  },
  "composites": {
    "vec-sum": {
      "||composite||": 10.210155487060547,
      "cos(composite, A)": 0.9852213859558105,
      "cos(composite, B)": 0.98513263463974
    },
    "vec-mul": {
      "||composite||": 1.7531132698059082,
      "cos(composite, A)": 0.012371553108096123,
      "cos(composite, B)": 0.011999538168311119
    }
  }
}