{
  "combined_teacher": {
    "recon": {
      "rel_err": 0.008039776235818863,
      "cos_sim": 0.9983686804771423
    },
    "n_active": 8,
    "topk_features": [
      486,
      48,
      6571,
      3532,
      190,
      492,
      3,
      502,
      0,
      1,
      2,
      4,
      5,
      6,
      7,
      8,
      9,
      10,
      11,
      12
    ]
  },
  "sp_A_individual": {
    "n_active": 75,
    "topk_features": [
      96,
      242,
      406,
      409,
      282,
      510,
      1263,
      258,
      243,
      351,
      218,
      447,
      261,
      486,
      413,
      460,
      326,
      146,
      268,
      3532
    ]
  },
  "sp_B_individual": {
    "n_active": 51,
    "topk_features": [
      96,
      447,
      409,
      406,
      242,
      282,
      510,
      243,
      413,
      1263,
      258,
      268,
      261,
      351,
      146,
      427,
      460,
      441,
      1562,
      189
    ]
  },
  "sp_AB_union_size": 88,
  "conditions": {
    "syn-v1-AB": {
      "recon": {
        "rel_err": 0.03729366511106491,
        "cos_sim": 0.9981544017791748
      },
      "n_active": 58,
      "topk_features": [
        96,
        409,
        406,
        242,
        1263,
        510,
        282,
        447,
        243,
        218,
        258,
        351,
        261,
        413,
        268,
        326,
        486,
        112,
        100,
        460
      ],
      "jaccard_combined": 0.03125,
      "jaccard_union": 0.5368421052631579,
      "jaccard_sp_A": 0.6024096385542169,
      "jaccard_sp_B": 0.5138888888888888,
      "shared_with_combined": [
        486,
        3532
      ],
      "shared_with_union": [
        96,
        409,
        406,
        242,
        1263,
        510,
        282,
        447,
        243,
        218,
        258,
        351,
        261,
        413,
        268,
        326,
        486,
        112,
        100,
        460
      ]
    },
    "syn-v1-BA": {
      "recon": {
        "rel_err": 0.03683071956038475,
        "cos_sim": 0.9981811046600342
      },
      "n_active": 52,
      "topk_features": [
        96,
        409,
        447,
        406,
        242,
        510,
        1263,
        282,
        243,
        351,
        258,
        413,
        261,
        268,
        460,
        218,
        189,
        116,
        324,
        112
      ],
      "jaccard_combined": 0.01694915254237288,
      "jaccard_union": 0.48936170212765956,
      "jaccard_sp_A": 0.47674418604651164,
      "jaccard_sp_B": 0.6349206349206349,
      "shared_with_combined": [
        486
      ],
      "shared_with_union": [
        96,
        409,
        447,
        406,
        242,
        510,
        1263,
        282,
        243,
        351,
        258,
        413,
        261,
        268,
        460,
        218,
        189,
        116,
        324,
        112
      ]
    },
    "syn-v2-AB": {
      "recon": {
        "rel_err": 0.03395874425768852,
        "cos_sim": 0.9981856346130371
      },
      "n_active": 56,
      "topk_features": [
        96,
        409,
        242,
        406,
        1263,
        510,
        282,
        447,
        243,
        218,
        258,
        261,
        351,
        460,
        413,
        268,
        486,
        401,
        112,
        3532
      ],
      "jaccard_combined": 0.03225806451612903,
      "jaccard_union": 0.5319148936170213,
      "jaccard_sp_A": 0.6172839506172839,
      "jaccard_sp_B": 0.5070422535211268,
      "shared_with_combined": [
        486,
        3532
      ],
      "shared_with_union": [
        96,
        409,
        242,
        406,
        1263,
        510,
        282,
        447,
        243,
        218,
        258,
        261,
        351,
        460,
        413,
        268,
        486,
        401,
        112,
        3532
      ]
    },
    "syn-v2-BA": {
      "recon": {
        "rel_err": 0.038058649748563766,
        "cos_sim": 0.9981576800346375
      },
      "n_active": 51,
      "topk_features": [
        96,
        409,
        447,
        406,
        242,
        1263,
        282,
        510,
        243,
        258,
        351,
        413,
        261,
        268,
        460,
        218,
        116,
        324,
        112,
        189
      ],
      "jaccard_combined": 0.017241379310344827,
      "jaccard_union": 0.4946236559139785,
      "jaccard_sp_A": 0.4823529411764706,
      "jaccard_sp_B": 0.6721311475409836,
      "shared_with_combined": [
        486
      ],
      "shared_with_union": [
        96,
        409,
        447,
        406,
        242,
        1263,
        282,
        510,
        243,
        258,
        351,
        413,
        261,
        268,
        460,
        218,
        116,
        324,
        112,
        189
      ]
    },
    "syn-v3-AB": {
      "recon": {
        "rel_err": 0.03725354000926018,
        "cos_sim": 0.9981685876846313
      },
      "n_active": 51,
      "topk_features": [
        96,
        409,
        406,
        242,
        510,
        1263,
        447,
        282,
        243,
        218,
        351,
        258,
        261,
        413,
        268,
        486,
        324,
        326,
        460,
        11396
      ],
      "jaccard_combined": 0.03508771929824561,
      "jaccard_union": 0.5108695652173914,
      "jaccard_sp_A": 0.5949367088607594,
      "jaccard_sp_B": 0.5454545454545454,
      "shared_with_combined": [
        486,
        3532
      ],
      "shared_with_union": [
        96,
        409,
        406,
        242,
        510,
        1263,
        447,
        282,
        243,
        218,
        351,
        258,
        261,
        413,
        268,
        486,
        324,
        326,
        460,
        401
      ]
    },
    "syn-v3-BA": {
      "recon": {
        "rel_err": 0.03775447979569435,
        "cos_sim": 0.9981470704078674
      },
      "n_active": 53,
      "topk_features": [
        96,
        409,
        447,
        406,
        242,
        1263,
        510,
        282,
        243,
        351,
        258,
        413,
        261,
        268,
        218,
        116,
        324,
        460,
        189,
        427
      ],
      "jaccard_combined": 0.016666666666666666,
      "jaccard_union": 0.4842105263157895,
      "jaccard_sp_A": 0.4883720930232558,
      "jaccard_sp_B": 0.625,
      "shared_with_combined": [
        486
      ],
      "shared_with_union": [
        96,
        409,
        447,
        406,
        242,
        1263,
        510,
        282,
        243,
        351,
        258,
        413,
        261,
        268,
        218,
        116,
        324,
        460,
        189,
        427
      ]
    },
    "syn-v4-AB": {
      "recon": {
        "rel_err": 0.03789675980806351,
        "cos_sim": 0.9981342554092407
      },
      "n_active": 49,
      "topk_features": [
        96,
        409,
        406,
        242,
        510,
        1263,
        282,
        243,
        258,
        218,
        447,
        351,
        261,
        413,
        268,
        326,
        100,
        11396,
        486,
        460
      ],
      "jaccard_combined": 0.03636363636363636,
      "jaccard_union": 0.4731182795698925,
      "jaccard_sp_A": 0.55,
      "jaccard_sp_B": 0.5151515151515151,
      "shared_with_combined": [
        486,
        3532
      ],
      "shared_with_union": [
        96,
        409,
        406,
        242,
        510,
        1263,
        282,
        243,
        258,
        218,
        447,
        351,
        261,
        413,
        268,
        326,
        100,
        486,
        460,
        324
      ]
    },
    "syn-v4-BA": {
      "recon": {
        "rel_err": 0.03679947927594185,
        "cos_sim": 0.9981935620307922
      },
      "n_active": 53,