{
  "individual": {
    "||A||": 10.337272644042969,
    "||B||": 10.454092025756836,
    "cos(A, B)": 0.9235233664512634
  },
  "composites": {
    "vec-sum": {
      "||composite||": 10.194994926452637,
      "cos(composite, A)": 0.9804748296737671,
      "cos(composite, B)": 0.9809129238128662
    },
    "vec-mul": {
      "||composite||": 1.749243974685669,
      "cos(composite, A)": 0.008213670924305916,
      "cos(composite, B)": 0.006759041920304298
    }
  }
}