{
  "combined_teacher": {
    "recon": {
      "rel_err": 0.00848458893597126,
      "cos_sim": 0.9985001087188721
    },
    "n_active": 11,
    "topk_features": [
      486,
      48,
      6129,
      6571,
      3,
      1071,
      190,
      502,
      1837,
      158,
      107,
      0,
      1,
      2,
      4,
      5,
      6,
      7,
      8,
      9
    ]
  },
  "sp_A_individual": {
    "n_active": 60,
    "topk_features": [
      96,
      406,
      242,
      409,
      282,
      243,
      510,
      218,
      258,
      486,
      261,
      1263,
      413,
      351,
      447,
      534,
      2076,
      1241,
      159,
      1307
    ]
  },
  "sp_B_individual": {
    "n_active": 89,
    "topk_features": [
      96,
      242,
      447,
      406,
      282,
      409,
      1263,
      510,
      486,
      243,
      218,
      534,
      261,
      460,
      258,
      441,
      428,
      146,
      401,
      351
    ]
  },
  "sp_AB_union_size": 106,
  "conditions": {
    "syn-v1-AB": {
      "recon": {
        "rel_err": 0.03428347408771515,
        "cos_sim": 0.9981452822685242
      },
      "n_active": 50,
      "topk_features": [
        96,
        406,
        409,
        242,
        510,
        243,
        1263,
        218,
        282,
        261,
        258,
        486,
        351,
        447,
        413,
        534,
        401,
        324,
        11396,
        116
      ],
      "jaccard_combined": 0.03389830508474576,
      "jaccard_union": 0.43119266055045874,
      "jaccard_sp_A": 0.6666666666666666,
      "jaccard_sp_B": 0.4479166666666667,
      "shared_with_combined": [
        486,
        1837
      ],
      "shared_with_union": [
        96,
        406,
        409,
        242,
        510,
        243,
        1263,
        218,
        282,
        261,
        258,
        486,
        351,
        447,
        413,
        534,
        401,
        324,
        116,
        78
      ]
    },
    "syn-v1-BA": {
      "recon": {
        "rel_err": 0.033720701932907104,
        "cos_sim": 0.9983400106430054
      },
      "n_active": 66,
      "topk_features": [
        96,
        242,
        409,
        447,
        1263,
        406,
        282,
        510,
        243,
        218,
        258,
        351,
        261,
        534,
        324,
        268,
        159,
        146,
        112,
        460
      ],
      "jaccard_combined": 0.013157894736842105,
      "jaccard_union": 0.5087719298245614,
      "jaccard_sp_A": 0.4482758620689655,
      "jaccard_sp_B": 0.5979381443298969,
      "shared_with_combined": [
        486
      ],
      "shared_with_union": [
        96,
        242,
        409,
        447,
        1263,
        406,
        282,
        510,
        243,
        218,
        258,
        351,
        261,
        534,
        324,
        268,
        159,
        146,
        112,
        460
      ]
    },
    "syn-v2-AB": {
      "recon": {
        "rel_err": 0.0351402722299099,
        "cos_sim": 0.9981526732444763
      },
      "n_active": 51,
      "topk_features": [
        96,
        242,
        406,
        409,
        510,
        243,
        1263,
        282,
        218,
        261,
        258,
        447,
        351,
        486,
        534,
        413,
        324,
        401,
        11396,
        116
      ],
      "jaccard_combined": 0.01639344262295082,
      "jaccard_union": 0.4144144144144144,
      "jaccard_sp_A": 0.5633802816901409,
      "jaccard_sp_B": 0.42857142857142855,
      "shared_with_combined": [
        486
      ],
      "shared_with_union": [
        96,
        242,
        406,
        409,
        510,
        243,
        1263,
        282,
        218,
        261,
        258,
        447,
        351,
        486,
        534,
        413,
        324,
        401,
        116,
        1241
      ]
    },
    "syn-v2-BA": {
      "recon": {
        "rel_err": 0.031219275668263435,
        "cos_sim": 0.9983859658241272
      },
      "n_active": 68,
      "topk_features": [
        96,
        242,
        447,
        409,
        1263,
        406,
        282,
        510,
        243,
        218,
        258,
        351,
        534,
        324,
        261,
        486,
        460,
        159,
        567,
        268
      ],
      "jaccard_combined": 0.01282051282051282,
      "jaccard_union": 0.5130434782608696,
      "jaccard_sp_A": 0.43820224719101125,
      "jaccard_sp_B": 0.6020408163265306,
      "shared_with_combined": [
        486
      ],
      "shared_with_union": [
        96,
        242,
        447,
        409,
        1263,
        406,
        282,
        510,
        243,
        218,
        258,
        351,
        534,
        324,
        261,
        486,
        460,
        159,
        567,
        268
      ]
    },
    "syn-v3-AB": {
      "recon": {
        "rel_err": 0.0362054668366909,
        "cos_sim": 0.9980998039245605
      },
      "n_active": 52,
      "topk_features": [
        96,
        406,
        242,
        409,
        510,
        243,
        1263,
        218,
        282,
        261,
        258,
        351,
        486,
        413,
        447,
        534,
        324,
        11396,
        116,
        27
      ],
      "jaccard_combined": 0.05,
      "jaccard_union": 0.42342342342342343,
      "jaccard_sp_A": 0.5774647887323944,
      "jaccard_sp_B": 0.4387755102040816,
      "shared_with_combined": [
        486,
        1837,
        6571
      ],
      "shared_with_union": [
        96,
        406,
        242,
        409,
        510,
        243,
        1263,
        218,
        282,
        261,
        258,
        351,
        486,
        413,
        447,
        534,
        324,
        116,
        27,
        78
      ]
    },
    "syn-v3-BA": {
      "recon": {
        "rel_err": 0.03448120504617691,
        "cos_sim": 0.9983699917793274
      },
      "n_active": 69,
      "topk_features": [
        96,
        242,
        409,
        1263,
        447,
        406,
        282,
        510,
        218,
        243,
        258,
        351,
        261,
        324,
        534,
        116,
        486,
        268,
        159,
        428
      ],
      "jaccard_combined": 0.012658227848101266,
      "jaccard_union": 0.5217391304347826,
      "jaccard_sp_A": 0.449438202247191,
      "jaccard_sp_B": 0.5959595959595959,
      "shared_with_combined": [
        486
      ],
      "shared_with_union": [
        96,
        242,
        409,
        1263,
        447,
        406,
        282,
        510,
        218,
        243,
        258,
        351,
        261,
        324,
        534,
        116,
        486,
        268,
        159,
        428
      ]
    },
    "syn-v4-AB": {
      "recon": {
        "rel_err": 0.036305852234363556,
        "cos_sim": 0.9981461763381958
      },
      "n_active": 56,
      "topk_features": [
        96,
        406,
        242,
        409,
        510,
        1263,
        243,
        218,
        282,
        261,
        258,
        351,
        486,
        447,
        413,
        11396,
        534,
        324,
        326,
        268
      ],
      "jaccard_combined": 0.03076923076923077,
      "jaccard_union": 0.4727272727272727,
      "jaccard_sp_A": 0.6111111111111112,
      "jaccard_sp_B": 0.47959183673469385,
      "shared_with_combined": [
        486,
        1837
      ],
      "shared_with_union": [
        96,
        406,
        242,
        409,
        510,
        1263,
        243,
        218,
        282,
        261,
        258,
        351,
        486,
        447,
        413,
        534,
        324,
        326,
        268,
        401
      ]
    },
    "syn-v4-BA": {
      "recon": {
        "rel_err": 0.03777928650379181,
        "cos_sim": 0.9982801079750061
      },
      "n_active": 65,