{
  "cos_pos_neg": 0.9270471334457397,
  "cos_pos_minus_neg": -0.9270471334457397,
  "cos_pos_math_neg": -0.9999999403953552,
  "cos_neg_math_neg": -0.9270471334457397,
  "per_token": [
    {
      "i": 0,
      "cos(pos, neg)": 0.8932589888572693,
      "cos(pos, -neg)": -0.8932589888572693
    },
    {
      "i": 1,
      "cos(pos, neg)": 0.9329487085342407,
      "cos(pos, -neg)": -0.9329487085342407
    },
    {
      "i": 2,
      "cos(pos, neg)": 0.9378436207771301,
      "cos(pos, -neg)": -0.9378436207771301
    },
    {
      "i": 3,
      "cos(pos, neg)": 0.9428064227104187,
      "cos(pos, -neg)": -0.9428064227104187
    }
  ],
  "norms": {
    "||pos||": 10.38735294342041,
    "||neg||": 10.413681983947754,
    "||math-neg||": 10.38735294342041,
    "||pos - neg||": 3.9728307723999023,
    "||pos + neg||": 20.418136596679688
  }
}