{
  "persona": {
    "recon": {
      "rel_err": 0.008875856176018715,
      "cos_sim": 0.9986013174057007
    },
    "n_active": 24,
    "topk_features": [
      486,
      8407,
      6571,
      552,
      48,
      3,
      457,
      502,
      2085,
      4721,
      621,
      362,
      12411,
      13816,
      190,
      11269,
      406,
      158,
      1477,
      143
    ]
  },
  "conditions": {
    "pos-in-pos": {
      "recon": {
        "rel_err": 0.031686484813690186,
        "cos_sim": 0.9980397820472717
      },
      "n_active": 61,
      "topk_features": [
        96,
        447,
        242,
        406,
        409,
        282,
        510,
        243,
        1263,
        351,
        258,
        534,
        486,
        146,
        261,
        441,
        268,
        460,
        218,
        567
      ],
      "jaccard_active": 0.0759493670886076,
      "jaccard_topk": 0.05263157894736842,
      "shared_features": [
        406,
        486,
        1477,
        2085,
        552,
        11269
      ]
    },
    "neg-in-neg": {
      "recon": {
        "rel_err": 0.0210886113345623,
        "cos_sim": 0.9981335997581482
      },
      "n_active": 65,
      "topk_features": [
        96,
        447,
        409,
        242,
        406,
        510,
        282,
        1263,
        268,
        441,
        345,
        243,
        534,
        146,
        351,
        486,
        460,
        218,
        413,
        258
      ],
      "jaccard_active": 0.03488372093023256,
      "jaccard_topk": 0.05263157894736842,
      "shared_features": [
        406,
        486,
        1477
      ]
    },
    "pos-in-neg": {
      "recon": {
        "rel_err": 0.027584195137023926,
        "cos_sim": 0.9979641437530518
      },
      "n_active": 67,
      "topk_features": [
        96,
        242,
        409,
        447,
        406,
        282,
        351,
        510,
        243,
        258,
        460,
        1263,
        261,
        486,
        567,
        413,
        268,
        324,
        21,
        534
      ],
      "jaccard_active": 0.07058823529411765,
      "jaccard_topk": 0.05263157894736842,
      "shared_features": [
        406,
        486,
        2085,
        11269,
        1477,
        1762
      ]
    },
    "neg-in-pos": {
      "recon": {
        "rel_err": 0.029044268652796745,
        "cos_sim": 0.997792661190033
      },
      "n_active": 65,
      "topk_features": [
        447,
        96,
        409,
        406,
        282,
        510,
        242,
        268,
        441,
        1263,
        5050,
        146,
        112,
        351,
        427,
        243,
        534,
        261,
        1562,
        416
      ],
      "jaccard_active": 0.022988505747126436,
      "jaccard_topk": 0.02564102564102564,
      "shared_features": [
        406,
        486
      ]
    },
    "math-neg-in-pos": {
      "recon": {
        "rel_err": 0.02248641848564148,
        "cos_sim": 0.9978551268577576
      },
      "n_active": 134,
      "topk_features": [
        96,
        447,
        1263,
        409,
        282,
        510,
        406,
        242,
        441,
        146,
        345,
        268,
        112,
        427,
        356,
        159,
        32,
        534,
        91,
        351
      ],
      "jaccard_active": 0.01282051282051282,
      "jaccard_topk": 0.02564102564102564,
      "shared_features": [
        406,
        486
      ]
    },
    "math-neg-in-neg": {
      "recon": {
        "rel_err": 0.018240703269839287,
        "cos_sim": 0.9979568719863892
      },
      "n_active": 101,
      "topk_features": [
        447,
        96,
        409,
        510,
        282,
        345,
        1263,
        406,
        441,
        205,
        242,
        32,
        91,
        387,
        268,
        159,
        146,
        112,
        351,
        534
      ],
      "jaccard_active": 0.016260162601626018,
      "jaccard_topk": 0.02564102564102564,
      "shared_features": [
        406,
        486
      ]
    }
  }
}