{
  "cos_pos_neg": 0.930763304233551,
  "cos_pos_minus_neg": -0.930763304233551,
  "cos_pos_math_neg": -1.0,
  "cos_neg_math_neg": -0.930763304233551,
  "per_token": [
    {
      "i": 0,
      "cos(pos, neg)": 0.906815767288208,
      "cos(pos, -neg)": -0.906815767288208
    },
    {
      "i": 1,
      "cos(pos, neg)": 0.9260513186454773,
      "cos(pos, -neg)": -0.9260513186454773
    },
    {
      "i": 2,
      "cos(pos, neg)": 0.9379123449325562,
      "cos(pos, -neg)": -0.9379123449325562
    },
    {
      "i": 3,
      "cos(pos, neg)": 0.9514538049697876,
      "cos(pos, -neg)": -0.9514538049697876
    }
  ],
  "norms": {
    "||pos||": 10.379180908203125,
    "||neg||": 10.404497146606445,
    "||math-neg||": 10.379180908203125,
    "||pos - neg||": 3.8670904636383057,
    "||pos + neg||": 20.420761108398438
  }
}