{
  "persona": {
    "recon": {
      "rel_err": 0.004330356139689684,
      "cos_sim": 0.9984853267669678
    },
    "n_active": 24,
    "topk_features": [
      486,
      48,
      6571,
      3532,
      217,
      1837,
      6427,
      401,
      166,
      3932,
      8268,
      3,
      1946,
      107,
      502,
      6221,
      11172,
      6313,
      573,
      14719
    ]
  },
  "conditions": {
    "pos-in-pos": {
      "recon": {
        "rel_err": 0.02358696609735489,
        "cos_sim": 0.998234212398529
      },
      "n_active": 75,
      "topk_features": [
        96,
        242,
        406,
        409,
        282,
        510,
        1263,
        258,
        243,
        351,
        218,
        447,
        261,
        486,
        413,
        460,
        326,
        146,
        268,
        3532
      ],
      "jaccard_active": 0.07608695652173914,
      "jaccard_topk": 0.05263157894736842,
      "shared_features": [
        486,
        3532,
        401,
        1837,
        14719,
        1946,
        6571
      ]
    },
    "neg-in-neg": {
      "recon": {
        "rel_err": 0.025503164157271385,
        "cos_sim": 0.9980054497718811
      },
      "n_active": 62,
      "topk_features": [
        96,
        447,
        242,
        409,
        406,
        1263,
        282,
        243,
        510,
        258,
        351,
        261,
        218,
        146,
        534,
        112,
        527,
        12720,
        428,
        192
      ],
      "jaccard_active": 0.04878048780487805,
      "jaccard_topk": 0.0,
      "shared_features": [
        3532,
        14719,
        401,
        486
      ]
    },
    "pos-in-neg": {
      "recon": {
        "rel_err": 0.018853632733225822,
        "cos_sim": 0.9981070756912231
      },
      "n_active": 83,
      "topk_features": [
        96,
        242,
        409,
        351,
        406,
        1263,
        510,
        282,
        261,
        460,
        258,
        243,
        413,
        326,
        218,
        268,
        447,
        146,
        324,
        356
      ],
      "jaccard_active": 0.038834951456310676,
      "jaccard_topk": 0.0,
      "shared_features": [
        486,
        3532,
        401,
        1946
      ]
    },
    "neg-in-pos": {
      "recon": {
        "rel_err": 0.030808011069893837,
        "cos_sim": 0.9980553388595581
      },
      "n_active": 86,
      "topk_features": [
        96,
        447,
        406,
        282,
        409,
        242,
        1263,
        510,
        243,
        218,
        351,
        258,
        146,
        261,
        534,
        356,
        441,
        112,
        527,
        340
      ],
      "jaccard_active": 0.03773584905660377,
      "jaccard_topk": 0.0,
      "shared_features": [
        3532,
        14719,
        401,
        486
      ]
    }
  }
}