{
  "individual": {
    "||A||": 10.337272644042969,
    "||B||": 10.31629467010498,
    "cos(A, B)": 0.9499897956848145
  },
  "composites": {
    "vec-sum": {
      "||composite||": 10.196854591369629,
      "cos(composite, A)": 0.9874440431594849,
      "cos(composite, B)": 0.9873926043510437
    },
    "vec-mul": {
      "||composite||": 1.7500463724136353,
      "cos(composite, A)": 0.01110287569463253,
      "cos(composite, B)": 0.013675924390554428
    }
  }
}