{
  "combined_teacher": {
    "recon": {
      "rel_err": 0.00823994167149067,
      "cos_sim": 0.9983419179916382
    },
    "n_active": 13,
    "topk_features": [
      486,
      6129,
      190,
      1071,
      48,
      6571,
      1837,
      1273,
      1307,
      4394,
      21,
      2227,
      1904,
      0,
      1,
      2,
      3,
      4,
      5,
      6
    ]
  },
  "sp_A_individual": {
    "n_active": 60,
    "topk_features": [
      96,
      406,
      242,
      409,
      282,
      243,
      510,
      218,
      258,
      486,
      261,
      1263,
      413,
      351,
      447,
      534,
      2076,
      1241,
      159,
      1307
    ]
  },
  "sp_B_individual": {
    "n_active": 72,
    "topk_features": [
      96,
      447,
      242,
      406,
      409,
      282,
      1263,
      486,
      534,
      460,
      441,
      510,
      243,
      261,
      268,
      116,
      351,
      712,
      258,
      218
    ]
  },
  "sp_AB_union_size": 93,
  "conditions": {
    "syn-v1-AB": {
      "recon": {
        "rel_err": 0.035287994891405106,
        "cos_sim": 0.9981266260147095
      },
      "n_active": 52,
      "topk_features": [
        96,
        406,
        409,
        242,
        243,
        1263,
        510,
        447,
        282,
        218,
        258,
        351,
        486,
        534,
        261,
        413,
        159,
        78,
        116,
        268
      ],
      "jaccard_combined": 0.031746031746031744,
      "jaccard_union": 0.43564356435643564,
      "jaccard_sp_A": 0.5774647887323944,
      "jaccard_sp_B": 0.4418604651162791,
      "shared_with_combined": [
        486,
        1837
      ],
      "shared_with_union": [
        96,
        406,
        409,
        242,
        243,
        1263,
        510,
        447,
        282,
        218,
        258,
        351,
        486,
        534,
        261,
        413,
        159,
        78,
        116,
        268
      ]
    },
    "syn-v1-BA": {
      "recon": {
        "rel_err": 0.03975255787372589,
        "cos_sim": 0.9982479810714722
      },
      "n_active": 46,
      "topk_features": [
        96,
        406,
        242,
        409,
        447,
        1263,
        510,
        243,
        282,
        351,
        258,
        486,
        534,
        218,
        261,
        460,
        268,
        146,
        413,
        441
      ],
      "jaccard_combined": 0.03508771929824561,
      "jaccard_union": 0.4329896907216495,
      "jaccard_sp_A": 0.5142857142857142,
      "jaccard_sp_B": 0.5324675324675324,
      "shared_with_combined": [
        486,
        1837
      ],
      "shared_with_union": [
        96,
        406,
        242,
        409,
        447,
        1263,
        510,
        243,
        282,
        351,
        258,
        486,
        534,
        218,
        261,
        460,
        268,
        146,
        413,
        441
      ]
    },
    "syn-v2-AB": {
      "recon": {
        "rel_err": 0.03637400642037392,
        "cos_sim": 0.9980890154838562
      },
      "n_active": 51,
      "topk_features": [
        96,
        406,
        409,
        242,
        447,
        1263,
        243,
        510,
        282,
        218,
        534,
        258,
        486,
        351,
        261,
        460,
        413,
        159,
        116,
        78
      ],
      "jaccard_combined": 0.04918032786885246,
      "jaccard_union": 0.42574257425742573,
      "jaccard_sp_A": 0.5633802816901409,
      "jaccard_sp_B": 0.3977272727272727,
      "shared_with_combined": [
        486,
        1307,
        1273
      ],
      "shared_with_union": [
        96,
        406,
        409,
        242,
        447,
        1263,
        243,
        510,
        282,
        218,
        534,
        258,
        486,
        351,
        261,
        460,
        413,
        159,
        116,
        78
      ]
    },
    "syn-v2-BA": {
      "recon": {
        "rel_err": 0.04227018728852272,
        "cos_sim": 0.9982205629348755
      },
      "n_active": 46,
      "topk_features": [
        96,
        242,
        406,
        409,
        447,
        1263,
        282,
        510,
        243,
        258,
        351,
        218,
        486,
        534,
        261,
        460,
        268,
        146,
        324,
        413
      ],
      "jaccard_combined": 0.03508771929824561,
      "jaccard_union": 0.4787234042553192,
      "jaccard_sp_A": 0.582089552238806,
      "jaccard_sp_B": 0.5733333333333334,
      "shared_with_combined": [
        486,
        1837
      ],
      "shared_with_union": [
        96,
        242,
        406,
        409,
        447,
        1263,
        282,
        510,
        243,
        258,
        351,
        218,
        486,
        534,
        261,
        460,
        268,
        146,
        324,
        413
      ]
    },
    "syn-v3-AB": {
      "recon": {
        "rel_err": 0.03697675094008446,
        "cos_sim": 0.9980438351631165
      },
      "n_active": 50,
      "topk_features": [
        96,
        406,
        409,
        242,
        243,
        1263,
        510,
        218,
        282,
        447,
        351,
        486,
        258,
        261,
        534,
        413,
        78,
        324,
        159,
        268
      ],
      "jaccard_combined": 0.03278688524590164,
      "jaccard_union": 0.43,
      "jaccard_sp_A": 0.5714285714285714,
      "jaccard_sp_B": 0.40229885057471265,
      "shared_with_combined": [
        486,
        1837
      ],
      "shared_with_union": [
        96,
        406,
        409,
        242,
        243,
        1263,
        510,
        218,
        282,
        447,
        351,
        486,
        258,
        261,
        534,
        413,
        78,
        324,
        159,
        268
      ]
    },
    "syn-v3-BA": {
      "recon": {
        "rel_err": 0.04030045494437218,
        "cos_sim": 0.9982578754425049
      },
      "n_active": 52,
      "topk_features": [
        96,
        242,
        406,
        409,
        447,
        1263,
        510,
        282,
        243,
        351,
        258,
        486,
        218,
        534,
        261,
        460,
        324,
        116,
        268,
        441
      ],
      "jaccard_combined": 0.031746031746031744,
      "jaccard_union": 0.5104166666666666,
      "jaccard_sp_A": 0.5555555555555556,
      "jaccard_sp_B": 0.5897435897435898,
      "shared_with_combined": [
        486,
        1837
      ],
      "shared_with_union": [
        96,
        242,
        406,
        409,
        447,
        1263,
        510,
        282,
        243,
        351,
        258,
        486,
        218,
        534,
        261,
        460,
        324,
        116,
        268,
        441
      ]
    },
    "syn-v4-AB": {
      "recon": {
        "rel_err": 0.03730488196015358,
        "cos_sim": 0.9980690479278564
      },
      "n_active": 52,
      "topk_features": [
        96,
        406,
        409,
        242,
        243,
        1263,
        510,
        447,
        282,
        218,
        486,
        351,
        258,
        534,
        261,
        413,
        159,
        78,
        324,
        268
      ],
      "jaccard_combined": 0.015625,
      "jaccard_union": 0.47959183673469385,
      "jaccard_sp_A": 0.6470588235294118,
      "jaccard_sp_B": 0.4418604651162791,
      "shared_with_combined": [
        486
      ],
      "shared_with_union": [
        96,
        406,
        409,
        242,
        243,
        1263,
        510,
        447,
        282,
        218,
        486,
        351,
        258,
        534,
        261,
        413,
        159,
        78,
        324,
        268
      ]
    },
    "syn-v4-BA": {
      "recon": {
        "rel_err": 0.04332033917307854,
        "cos_sim": 0.9982247948646545
      },