{
  "individual": {
    "||A||": 10.346770286560059,
    "||B||": 10.497838973999023,
    "cos(A, B)": 0.9128000736236572
  },
  "composites": {
    "vec-sum": {
      "||composite||": 10.19257926940918,
      "cos(composite, A)": 0.9776327610015869,
      "cos(composite, B)": 0.9782789945602417
    },
    "vec-mul": {
      "||composite||": 1.7390904426574707,
      "cos(composite, A)": 0.014097370207309723,
      "cos(composite, B)": 0.012574460357427597
    }
  }
}