{
  "combined_teacher": {
    "recon": {
      "rel_err": 0.008910161443054676,
      "cos_sim": 0.9984782338142395
    },
    "n_active": 13,
    "topk_features": [
      486,
      48,
      190,
      3,
      1071,
      1477,
      50,
      2476,
      1837,
      217,
      21,
      502,
      4721,
      0,
      1,
      2,
      4,
      5,
      6,
      7
    ]
  },
  "sp_A_individual": {
    "n_active": 46,
    "topk_features": [
      96,
      406,
      242,
      409,
      282,
      243,
      447,
      510,
      218,
      351,
      413,
      258,
      146,
      268,
      486,
      1263,
      261,
      154,
      6158,
      5050
    ]
  },
  "sp_B_individual": {
    "n_active": 62,
    "topk_features": [
      96,
      242,
      406,
      447,
      409,
      282,
      510,
      1263,
      243,
      261,
      351,
      258,
      268,
      159,
      1562,
      100,
      486,
      453,
      146,
      218
    ]
  },
  "sp_AB_union_size": 75,
  "conditions": {
    "syn-v1-AB": {
      "recon": {
        "rel_err": 0.024846555665135384,
        "cos_sim": 0.9982805252075195
      },
      "n_active": 52,
      "topk_features": [
        96,
        409,
        406,
        242,
        282,
        447,
        1263,
        243,
        510,
        218,
        351,
        268,
        261,
        258,
        356,
        154,
        146,
        413,
        112,
        100
      ],
      "jaccard_combined": 0.04838709677419355,
      "jaccard_union": 0.5679012345679012,
      "jaccard_sp_A": 0.6065573770491803,
      "jaccard_sp_B": 0.5405405405405406,
      "shared_with_combined": [
        2476,
        486,
        1477
      ],
      "shared_with_union": [
        96,
        409,
        406,
        242,
        282,
        447,
        1263,
        243,
        510,
        218,
        351,
        268,
        261,
        258,
        356,
        154,
        146,
        413,
        112,
        100
      ]
    },
    "syn-v1-BA": {
      "recon": {
        "rel_err": 0.030730243772268295,
        "cos_sim": 0.9982417225837708
      },
      "n_active": 62,
      "topk_features": [
        96,
        409,
        242,
        406,
        1263,
        447,
        282,
        510,
        243,
        351,
        261,
        258,
        218,
        159,
        324,
        268,
        112,
        453,
        100,
        146
      ],
      "jaccard_combined": 0.013513513513513514,
      "jaccard_union": 0.5568181818181818,
      "jaccard_sp_A": 0.4594594594594595,
      "jaccard_sp_B": 0.6103896103896104,
      "shared_with_combined": [
        486
      ],
      "shared_with_union": [
        96,
        409,
        242,
        406,
        1263,
        447,
        282,
        510,
        243,
        351,
        261,
        258,
        218,
        159,
        324,
        268,
        112,
        453,
        100,
        146
      ]
    },
    "syn-v2-AB": {
      "recon": {
        "rel_err": 0.026031678542494774,
        "cos_sim": 0.9983261823654175
      },
      "n_active": 55,
      "topk_features": [
        96,
        242,
        409,
        406,
        447,
        1263,
        282,
        510,
        243,
        218,
        351,
        261,
        258,
        268,
        146,
        356,
        112,
        534,
        100,
        413
      ],
      "jaccard_combined": 0.046153846153846156,
      "jaccard_union": 0.625,
      "jaccard_sp_A": 0.6290322580645161,
      "jaccard_sp_B": 0.56,
      "shared_with_combined": [
        486,
        2476,
        1477
      ],
      "shared_with_union": [
        96,
        242,
        409,
        406,
        447,
        1263,
        282,
        510,
        243,
        218,
        351,
        261,
        258,
        268,
        146,
        356,
        112,
        534,
        100,
        413
      ]
    },
    "syn-v2-BA": {
      "recon": {
        "rel_err": 0.029110636562108994,
        "cos_sim": 0.998310387134552
      },
      "n_active": 63,
      "topk_features": [
        96,
        242,
        409,
        447,
        406,
        1263,
        282,
        510,
        243,
        351,
        261,
        258,
        218,
        268,
        324,
        159,
        146,
        112,
        100,
        460
      ],
      "jaccard_combined": 0.02702702702702703,
      "jaccard_union": 0.5862068965517241,
      "jaccard_sp_A": 0.47297297297297297,
      "jaccard_sp_B": 0.6233766233766234,
      "shared_with_combined": [
        486,
        1477
      ],
      "shared_with_union": [
        96,
        242,
        409,
        447,
        406,
        1263,
        282,
        510,
        243,
        351,
        261,
        258,
        218,
        268,
        324,
        159,
        146,
        112,
        100,
        460
      ]
    },
    "syn-v3-AB": {
      "recon": {
        "rel_err": 0.027248498052358627,
        "cos_sim": 0.9981281757354736
      },
      "n_active": 49,
      "topk_features": [
        96,
        409,
        406,
        242,
        243,
        282,
        447,
        510,
        1263,
        351,
        218,
        268,
        261,
        258,
        413,
        112,
        356,
        146,
        154,
        534
      ],
      "jaccard_combined": 0.05084745762711865,
      "jaccard_union": 0.5308641975308642,
      "jaccard_sp_A": 0.6101694915254238,
      "jaccard_sp_B": 0.5205479452054794,
      "shared_with_combined": [
        486,
        2476,
        1477
      ],
      "shared_with_union": [
        96,
        409,
        406,
        242,
        243,
        282,
        447,
        510,
        1263,
        351,
        218,
        268,
        261,
        258,
        413,
        112,
        356,
        146,
        154,
        534
      ]
    },
    "syn-v3-BA": {
      "recon": {
        "rel_err": 0.03611871600151062,
        "cos_sim": 0.9982110857963562
      },
      "n_active": 57,
      "topk_features": [
        96,
        409,
        242,
        406,
        1263,
        510,
        447,
        282,
        243,
        351,
        261,
        258,
        268,
        159,
        218,
        324,
        112,
        453,
        100,
        460
      ],
      "jaccard_combined": 0.029411764705882353,
      "jaccard_union": 0.5714285714285714,
      "jaccard_sp_A": 0.4714285714285714,
      "jaccard_sp_B": 0.6301369863013698,
      "shared_with_combined": [
        486,
        1477
      ],
      "shared_with_union": [
        96,
        409,
        242,
        406,
        1263,
        510,
        447,
        282,
        243,
        351,
        261,
        258,
        268,
        159,
        218,
        324,
        112,
        453,
        100,
        460
      ]
    },
    "syn-v4-AB": {
      "recon": {
        "rel_err": 0.027781467884778976,
        "cos_sim": 0.9981969594955444
      },
      "n_active": 48,
      "topk_features": [
        96,
        409,
        406,
        242,
        282,
        447,
        243,
        510,
        1263,
        218,
        351,
        268,
        261,
        258,
        356,
        413,
        146,
        154,
        100,
        112
      ],
      "jaccard_combined": 0.05172413793103448,
      "jaccard_union": 0.5569620253164557,
      "jaccard_sp_A": 0.6206896551724138,
      "jaccard_sp_B": 0.5492957746478874,
      "shared_with_combined": [
        486,
        2476,
        1477
      ],
      "shared_with_union": [
        96,
        409,
        406,
        242,
        282,
        447,
        243,
        510,
        1263,
        218,
        351,
        268,
        261,
        258,
        356,
        413,
        146,
        154,
        100,
        112
      ]
    },
    "syn-v4-BA": {
      "recon": {
        "rel_err": 0.03367549180984497,