{
  "individual": {
    "||A||": 10.337272644042969,
    "||B||": 10.348376274108887,
    "cos(A, B)": 0.9459526538848877
  },
  "composites": {
    "vec-sum": {
      "||composite||": 10.202116966247559,
      "cos(composite, A)": 0.986380934715271,
      "cos(composite, B)": 0.9864102602005005
    },
    "vec-mul": {
      "||composite||": 1.7514710426330566,
      "cos(composite, A)": 0.009742381051182747,
      "cos(composite, B)": 0.010419802740216255
    }
  }
}