{
  "combined_teacher": {
    "recon": {
      "rel_err": 0.010900817811489105,
      "cos_sim": 0.9983491897583008
    },
    "n_active": 13,
    "topk_features": [
      486,
      48,
      6129,
      3,
      6571,
      1071,
      190,
      50,
      502,
      2400,
      2227,
      1273,
      492,
      0,
      1,
      2,
      4,
      5,
      6,
      7
    ]
  },
  "sp_A_individual": {
    "n_active": 60,
    "topk_features": [
      96,
      406,
      242,
      409,
      282,
      243,
      510,
      218,
      258,
      486,
      261,
      1263,
      413,
      351,
      447,
      534,
      2076,
      1241,
      159,
      1307
    ]
  },
  "sp_B_individual": {
    "n_active": 51,
    "topk_features": [
      96,
      447,
      409,
      406,
      242,
      282,
      510,
      243,
      413,
      1263,
      258,
      268,
      261,
      351,
      146,
      427,
      460,
      441,
      1562,
      189
    ]
  },
  "sp_AB_union_size": 80,
  "conditions": {
    "syn-v1-AB": {
      "recon": {
        "rel_err": 0.03729664906859398,
        "cos_sim": 0.9980249404907227
      },
      "n_active": 52,
      "topk_features": [
        96,
        406,
        409,
        242,
        510,
        243,
        1263,
        282,
        218,
        258,
        351,
        447,
        261,
        486,
        413,
        534,
        268,
        78,
        11396,
        401
      ],
      "jaccard_combined": 0.031746031746031744,
      "jaccard_union": 0.5172413793103449,
      "jaccard_sp_A": 0.5774647887323944,
      "jaccard_sp_B": 0.4714285714285714,
      "shared_with_combined": [
        486,
        1273
      ],
      "shared_with_union": [
        96,
        406,
        409,
        242,
        510,
        243,
        1263,
        282,
        218,
        258,
        351,
        447,
        261,
        486,
        413,
        534,
        268,
        78,
        401,
        116
      ]
    },
    "syn-v1-BA": {
      "recon": {
        "rel_err": 0.040311556309461594,
        "cos_sim": 0.9980682730674744
      },
      "n_active": 49,
      "topk_features": [
        96,
        409,
        406,
        242,
        447,
        510,
        282,
        1263,
        243,
        258,
        413,
        351,
        261,
        218,
        268,
        116,
        453,
        146,
        112,
        534
      ],
      "jaccard_combined": 0.01639344262295082,
      "jaccard_union": 0.5,
      "jaccard_sp_A": 0.4533333333333333,
      "jaccard_sp_B": 0.639344262295082,
      "shared_with_combined": [
        486
      ],
      "shared_with_union": [
        96,
        409,
        406,
        242,
        447,
        510,
        282,
        1263,
        243,
        258,
        413,
        351,
        261,
        218,
        268,
        116,
        453,
        146,
        112,
        534
      ]
    },
    "syn-v2-AB": {
      "recon": {
        "rel_err": 0.03840433433651924,
        "cos_sim": 0.9980572462081909
      },
      "n_active": 50,
      "topk_features": [
        96,
        409,
        242,
        406,
        510,
        1263,
        243,
        282,
        258,
        351,
        218,
        261,
        447,
        413,
        268,
        486,
        534,
        78,
        460,
        159
      ],
      "jaccard_combined": 0.016129032258064516,
      "jaccard_union": 0.4942528735632184,
      "jaccard_sp_A": 0.5492957746478874,
      "jaccard_sp_B": 0.4852941176470588,
      "shared_with_combined": [
        486
      ],
      "shared_with_union": [
        96,
        409,
        242,
        406,
        510,
        1263,
        243,
        282,
        258,
        351,
        218,
        261,
        447,
        413,
        268,
        486,
        534,
        78,
        460,
        159
      ]
    },
    "syn-v2-BA": {
      "recon": {
        "rel_err": 0.04381822049617767,
        "cos_sim": 0.9980764389038086
      },
      "n_active": 48,
      "topk_features": [
        96,
        409,
        406,
        242,
        447,
        510,
        282,
        1263,
        243,
        258,
        351,
        413,
        218,
        261,
        268,
        534,
        116,
        146,
        112,
        460
      ],
      "jaccard_combined": 0.016666666666666666,
      "jaccard_union": 0.4883720930232558,
      "jaccard_sp_A": 0.42105263157894735,
      "jaccard_sp_B": 0.6779661016949152,
      "shared_with_combined": [
        486
      ],
      "shared_with_union": [
        96,
        409,
        406,
        242,
        447,
        510,
        282,
        1263,
        243,
        258,
        351,
        413,
        218,
        261,
        268,
        534,
        116,
        146,
        112,
        460
      ]
    },
    "syn-v3-AB": {
      "recon": {
        "rel_err": 0.04274946451187134,
        "cos_sim": 0.9979702234268188
      },
      "n_active": 47,
      "topk_features": [
        96,
        406,
        409,
        242,
        510,
        243,
        1263,
        282,
        258,
        218,
        351,
        261,
        447,
        413,
        486,
        268,
        11396,
        78,
        534,
        1241
      ],
      "jaccard_combined": 0.01694915254237288,
      "jaccard_union": 0.47674418604651164,
      "jaccard_sp_A": 0.5507246376811594,
      "jaccard_sp_B": 0.48484848484848486,
      "shared_with_combined": [
        486
      ],
      "shared_with_union": [
        96,
        406,
        409,
        242,
        510,
        243,
        1263,
        282,
        258,
        218,
        351,
        261,
        447,
        413,
        486,
        268,
        78,
        534,
        1241,
        324
      ]
    },
    "syn-v3-BA": {
      "recon": {
        "rel_err": 0.0429062582552433,
        "cos_sim": 0.9980260133743286
      },
      "n_active": 47,
      "topk_features": [
        96,
        409,
        406,
        242,
        447,
        510,
        1263,
        282,
        243,
        351,
        258,
        413,
        218,
        261,
        268,
        116,
        324,
        453,
        534,
        112
      ],
      "jaccard_combined": 0.01694915254237288,
      "jaccard_union": 0.5119047619047619,
      "jaccard_sp_A": 0.44594594594594594,
      "jaccard_sp_B": 0.6610169491525424,
      "shared_with_combined": [
        486
      ],
      "shared_with_union": [
        96,
        409,
        406,
        242,
        447,
        510,
        1263,
        282,
        243,
        351,
        258,
        413,
        218,
        261,
        268,
        116,
        324,
        453,
        534,
        112
      ]
    },
    "syn-v4-AB": {
      "recon": {
        "rel_err": 0.04134085401892662,
        "cos_sim": 0.9980471730232239
      },
      "n_active": 45,
      "topk_features": [
        96,
        406,
        409,
        242,
        510,
        243,
        1263,
        282,
        258,
        218,
        351,
        447,
        261,
        413,
        486,
        11396,
        268,
        78,
        534,
        159
      ],
      "jaccard_combined": 0.017543859649122806,
      "jaccard_union": 0.47058823529411764,
      "jaccard_sp_A": 0.5671641791044776,
      "jaccard_sp_B": 0.47692307692307695,
      "shared_with_combined": [
        486
      ],
      "shared_with_union": [
        96,
        406,
        409,
        242,
        510,
        243,
        1263,
        282,
        258,
        218,
        351,
        447,
        261,
        413,
        486,
        268,
        78,
        534,
        159,
        1241
      ]
    },
    "syn-v4-BA": {
      "recon": {
        "rel_err": 0.04442645236849785,
        "cos_sim": 0.9980371594429016
      },
      "n_active": 51,