{
  "individual": {
    "||A||": 10.347373962402344,
    "||B||": 10.348376274108887,
    "cos(A, B)": 0.9399580955505371
  },
  "composites": {
    "vec-sum": {
      "||composite||": 10.191365242004395,
      "cos(composite, A)": 0.9848736524581909,
      "cos(composite, B)": 0.9848766326904297
    },
    "vec-mul": {
      "||composite||": 1.747146487236023,
      "cos(composite, A)": 0.014140373095870018,
      "cos(composite, B)": 0.013407314196228981
    }
  }
}