{
  "combined_teacher": {
    "recon": {
      "rel_err": 0.010641457512974739,
      "cos_sim": 0.9984396696090698
    },
    "n_active": 12,
    "topk_features": [
      486,
      6571,
      48,
      5970,
      190,
      3,
      6129,
      3640,
      1220,
      362,
      457,
      552,
      0,
      1,
      2,
      4,
      5,
      6,
      7,
      8
    ]
  },
  "sp_A_individual": {
    "n_active": 54,
    "topk_features": [
      96,
      406,
      409,
      242,
      282,
      243,
      258,
      486,
      510,
      351,
      447,
      413,
      218,
      146,
      268,
      1263,
      261,
      567,
      534,
      9262
    ]
  },
  "sp_B_individual": {
    "n_active": 51,
    "topk_features": [
      96,
      447,
      409,
      406,
      242,
      282,
      510,
      243,
      413,
      1263,
      258,
      268,
      261,
      351,
      146,
      427,
      460,
      441,
      1562,
      189
    ]
  },
  "sp_AB_union_size": 73,
  "conditions": {
    "syn-v1-AB": {
      "recon": {
        "rel_err": 0.037295062094926834,
        "cos_sim": 0.9981087446212769
      },
      "n_active": 51,
      "topk_features": [
        96,
        409,
        406,
        242,
        282,
        243,
        1263,
        510,
        258,
        447,
        218,
        351,
        486,
        413,
        146,
        268,
        262,
        261,
        324,
        112
      ],
      "jaccard_combined": 0.06779661016949153,
      "jaccard_union": 0.5121951219512195,
      "jaccard_sp_A": 0.6153846153846154,
      "jaccard_sp_B": 0.4782608695652174,
      "shared_with_combined": [
        486,
        1220,
        3640,
        5970
      ],
      "shared_with_union": [
        96,
        409,
        406,
        242,
        282,
        243,
        1263,
        510,
        258,
        447,
        218,
        351,
        486,
        413,
        146,
        268,
        262,
        261,
        324,
        112
      ]
    },
    "syn-v1-BA": {
      "recon": {
        "rel_err": 0.04220045357942581,
        "cos_sim": 0.9980918169021606
      },
      "n_active": 49,
      "topk_features": [
        96,
        409,
        447,
        406,
        242,
        510,
        1263,
        282,
        243,
        268,
        351,
        258,
        413,
        261,
        146,
        112,
        218,
        159,
        460,
        189
      ],
      "jaccard_combined": 0.016666666666666666,
      "jaccard_union": 0.5061728395061729,
      "jaccard_sp_A": 0.4714285714285714,
      "jaccard_sp_B": 0.639344262295082,
      "shared_with_combined": [
        486
      ],
      "shared_with_union": [
        96,
        409,
        447,
        406,
        242,
        510,
        1263,
        282,
        243,
        268,
        351,
        258,
        413,
        261,
        146,
        112,
        218,
        159,
        460,
        189
      ]
    },
    "syn-v2-AB": {
      "recon": {
        "rel_err": 0.033156346529722214,
        "cos_sim": 0.9982313513755798
      },
      "n_active": 49,
      "topk_features": [
        96,
        409,
        406,
        242,
        282,
        510,
        243,
        1263,
        447,
        258,
        351,
        218,
        486,
        146,
        268,
        413,
        261,
        324,
        356,
        112
      ],
      "jaccard_combined": 0.07017543859649122,
      "jaccard_union": 0.4878048780487805,
      "jaccard_sp_A": 0.5846153846153846,
      "jaccard_sp_B": 0.47058823529411764,
      "shared_with_combined": [
        486,
        1220,
        3640,
        5970
      ],
      "shared_with_union": [
        96,
        409,
        406,
        242,
        282,
        510,
        243,
        1263,
        447,
        258,
        351,
        218,
        486,
        146,
        268,
        413,
        261,
        324,
        356,
        112
      ]
    },
    "syn-v2-BA": {
      "recon": {
        "rel_err": 0.04150333255529404,
        "cos_sim": 0.9981986284255981
      },
      "n_active": 47,
      "topk_features": [
        96,
        409,
        447,
        242,
        406,
        1263,
        510,
        282,
        243,
        351,
        268,
        258,
        413,
        261,
        460,
        146,
        218,
        112,
        159,
        100
      ],
      "jaccard_combined": 0.017241379310344827,
      "jaccard_union": 0.5189873417721519,
      "jaccard_sp_A": 0.5074626865671642,
      "jaccard_sp_B": 0.6065573770491803,
      "shared_with_combined": [
        486
      ],
      "shared_with_union": [
        96,
        409,
        447,
        242,
        406,
        1263,
        510,
        282,
        243,
        351,
        268,
        258,
        413,
        261,
        460,
        146,
        218,
        112,
        159,
        100
      ]
    },
    "syn-v3-AB": {
      "recon": {
        "rel_err": 0.03844458609819412,
        "cos_sim": 0.9980968832969666
      },
      "n_active": 52,
      "topk_features": [
        96,
        409,
        406,
        242,
        282,
        510,
        1263,
        243,
        447,
        258,
        351,
        218,
        413,
        268,
        486,
        146,
        261,
        11396,
        324,
        262
      ],
      "jaccard_combined": 0.04918032786885246,
      "jaccard_union": 0.524390243902439,
      "jaccard_sp_A": 0.6060606060606061,
      "jaccard_sp_B": 0.4714285714285714,
      "shared_with_combined": [
        486,
        1220,
        5970
      ],
      "shared_with_union": [
        96,
        409,
        406,
        242,
        282,
        510,
        1263,
        243,
        447,
        258,
        351,
        218,
        413,
        268,
        486,
        146,
        261,
        324,
        262,
        534
      ]
    },
    "syn-v3-BA": {
      "recon": {
        "rel_err": 0.04335274547338486,
        "cos_sim": 0.9980553388595581
      },
      "n_active": 51,
      "topk_features": [
        96,
        409,
        447,
        406,
        242,
        1263,
        510,
        282,
        243,
        351,
        268,
        258,
        413,
        261,
        218,
        460,
        159,
        116,
        324,
        112
      ],
      "jaccard_combined": 0.03278688524590164,
      "jaccard_union": 0.5121951219512195,
      "jaccard_sp_A": 0.4788732394366197,
      "jaccard_sp_B": 0.59375,
      "shared_with_combined": [
        486,
        1220
      ],
      "shared_with_union": [
        96,
        409,
        447,
        406,
        242,
        1263,
        510,
        282,
        243,
        351,
        268,
        258,
        413,
        261,
        218,
        460,
        159,
        116,
        324,
        112
      ]
    },
    "syn-v4-AB": {
      "recon": {
        "rel_err": 0.03779216855764389,
        "cos_sim": 0.9981375336647034
      },
      "n_active": 47,
      "topk_features": [
        96,
        409,
        406,
        242,
        282,
        510,
        243,
        1263,
        258,
        447,
        351,
        218,
        413,
        268,
        146,
        486,
        262,
        261,
        11396,
        324
      ],
      "jaccard_combined": 0.05357142857142857,
      "jaccard_union": 0.5189873417721519,
      "jaccard_sp_A": 0.6290322580645161,
      "jaccard_sp_B": 0.5076923076923077,
      "shared_with_combined": [
        486,
        1220,
        5970
      ],
      "shared_with_union": [
        96,
        409,
        406,
        242,
        282,
        510,
        243,
        1263,
        258,
        447,
        351,
        218,
        413,
        268,
        146,
        486,
        262,
        261,
        324,
        112
      ]
    },