{
  "individual": {
    "||A||": 10.379180908203125,
    "||B||": 10.418883323669434,
    "cos(A, B)": 0.9370067715644836
  },
  "composites": {
    "vec-sum": {
      "||composite||": 10.233955383300781,
      "cos(composite, A)": 0.9840645790100098,
      "cos(composite, B)": 0.9841866493225098
    },
    "vec-mul": {
      "||composite||": 1.7552834749221802,
      "cos(composite, A)": 0.015110550448298454,
      "cos(composite, B)": 0.017653007060289383
    }
  }
}