{
  "combined_teacher": {
    "recon": {
      "rel_err": 0.008317310363054276,
      "cos_sim": 0.9984516501426697
    },
    "n_active": 12,
    "topk_features": [
      486,
      3,
      3640,
      6571,
      48,
      3532,
      1837,
      457,
      50,
      5117,
      6221,
      217,
      0,
      1,
      2,
      4,
      5,
      6,
      7,
      8
    ]
  },
  "sp_A_individual": {
    "n_active": 75,
    "topk_features": [
      96,
      242,
      406,
      409,
      282,
      510,
      1263,
      258,
      243,
      351,
      218,
      447,
      261,
      486,
      413,
      460,
      326,
      146,
      268,
      3532
    ]
  },
  "sp_B_individual": {
    "n_active": 91,
    "topk_features": [
      96,
      242,
      447,
      406,
      282,
      409,
      1263,
      510,
      243,
      218,
      268,
      486,
      428,
      261,
      534,
      340,
      146,
      441,
      159,
      460
    ]
  },
  "sp_AB_union_size": 116,
  "conditions": {
    "syn-v1-AB": {
      "recon": {
        "rel_err": 0.029136547818779945,
        "cos_sim": 0.9983258843421936
      },
      "n_active": 70,
      "topk_features": [
        96,
        409,
        242,
        406,
        1263,
        447,
        282,
        510,
        243,
        258,
        351,
        218,
        261,
        268,
        356,
        146,
        112,
        324,
        534,
        413
      ],
      "jaccard_combined": 0.025,
      "jaccard_union": 0.5,
      "jaccard_sp_A": 0.5934065934065934,
      "jaccard_sp_B": 0.47706422018348627,
      "shared_with_combined": [
        486,
        3532
      ],
      "shared_with_union": [
        96,
        409,
        242,
        406,
        1263,
        447,
        282,
        510,
        243,
        258,
        351,
        218,
        261,
        268,
        356,
        146,
        112,
        324,
        534,
        413
      ]
    },
    "syn-v1-BA": {
      "recon": {
        "rel_err": 0.030886974185705185,
        "cos_sim": 0.9984042644500732
      },
      "n_active": 71,
      "topk_features": [
        96,
        409,
        242,
        447,
        1263,
        406,
        282,
        510,
        243,
        351,
        258,
        261,
        218,
        268,
        2190,
        324,
        112,
        534,
        159,
        460
      ],
      "jaccard_combined": 0.012195121951219513,
      "jaccard_union": 0.48412698412698413,
      "jaccard_sp_A": 0.46,
      "jaccard_sp_B": 0.6039603960396039,
      "shared_with_combined": [
        486
      ],
      "shared_with_union": [
        96,
        409,
        242,
        447,
        1263,
        406,
        282,
        510,
        243,
        351,
        258,
        261,
        218,
        268,
        2190,
        324,
        112,
        534,
        159,
        460
      ]
    },
    "syn-v2-AB": {
      "recon": {
        "rel_err": 0.030096063390374184,
        "cos_sim": 0.998322069644928
      },
      "n_active": 66,
      "topk_features": [
        96,
        409,
        242,
        406,
        1263,
        447,
        282,
        510,
        243,
        351,
        258,
        218,
        261,
        356,
        268,
        112,
        146,
        460,
        401,
        324
      ],
      "jaccard_combined": 0.02631578947368421,
      "jaccard_union": 0.4444444444444444,
      "jaccard_sp_A": 0.532608695652174,
      "jaccard_sp_B": 0.4537037037037037,
      "shared_with_combined": [
        486,
        3532
      ],
      "shared_with_union": [
        96,
        409,
        242,
        406,
        1263,
        447,
        282,
        510,
        243,
        351,
        258,
        218,
        261,
        356,
        268,
        112,
        146,
        460,
        401,
        324
      ]
    },
    "syn-v2-BA": {
      "recon": {
        "rel_err": 0.02336832880973816,
        "cos_sim": 0.998578667640686
      },
      "n_active": 62,
      "topk_features": [
        96,
        242,
        447,
        409,
        1263,
        406,
        282,
        510,
        243,
        351,
        218,
        258,
        261,
        428,
        268,
        324,
        486,
        534,
        460,
        2190
      ],
      "jaccard_combined": 0.0136986301369863,
      "jaccard_union": 0.4957983193277311,
      "jaccard_sp_A": 0.5222222222222223,
      "jaccard_sp_B": 0.6276595744680851,
      "shared_with_combined": [
        486
      ],
      "shared_with_union": [
        96,
        242,
        447,
        409,
        1263,
        406,
        282,
        510,
        243,
        351,
        218,
        258,
        261,
        428,
        268,
        324,
        486,
        534,
        460,
        2190
      ]
    },
    "syn-v3-AB": {
      "recon": {
        "rel_err": 0.030185312032699585,
        "cos_sim": 0.998286247253418
      },
      "n_active": 64,
      "topk_features": [
        96,
        409,
        242,
        406,
        1263,
        447,
        282,
        510,
        243,
        351,
        218,
        261,
        258,
        268,
        356,
        324,
        112,
        413,
        146,
        486
      ],
      "jaccard_combined": 0.02702702702702703,
      "jaccard_union": 0.47540983606557374,
      "jaccard_sp_A": 0.6352941176470588,
      "jaccard_sp_B": 0.4485981308411215,
      "shared_with_combined": [
        486,
        3532
      ],
      "shared_with_union": [
        96,
        409,
        242,
        406,
        1263,
        447,
        282,
        510,
        243,
        351,
        218,
        261,
        258,
        268,
        356,
        324,
        112,
        413,
        146,
        486
      ]
    },
    "syn-v3-BA": {
      "recon": {
        "rel_err": 0.031674422323703766,
        "cos_sim": 0.9983945488929749
      },
      "n_active": 65,
      "topk_features": [
        96,
        409,
        242,
        1263,
        406,
        447,
        282,
        510,
        243,
        351,
        218,
        258,
        261,
        268,
        324,
        2190,
        534,
        428,
        112,
        159
      ],
      "jaccard_combined": 0.013157894736842105,
      "jaccard_union": 0.5210084033613446,
      "jaccard_sp_A": 0.5053763440860215,
      "jaccard_sp_B": 0.6421052631578947,
      "shared_with_combined": [
        486
      ],
      "shared_with_union": [
        96,
        409,
        242,
        1263,
        406,
        447,
        282,
        510,
        243,
        351,
        218,
        258,
        261,
        268,
        324,
        2190,
        534,
        428,
        112,
        159
      ]
    },
    "syn-v4-AB": {
      "recon": {
        "rel_err": 0.03390386328101158,
        "cos_sim": 0.9982539415359497
      },
      "n_active": 65,
      "topk_features": [
        96,
        409,
        242,
        406,
        1263,
        282,
        447,
        510,
        243,
        351,
        258,
        218,
        261,
        268,
        413,
        146,
        324,
        356,
        326,
        100
      ],
      "jaccard_combined": 0.02666666666666667,
      "jaccard_union": 0.448,
      "jaccard_sp_A": 0.5730337078651685,
      "jaccard_sp_B": 0.45794392523364486,
      "shared_with_combined": [
        486,
        3532
      ],
      "shared_with_union": [
        96,
        409,
        242,
        406,
        1263,
        282,
        447,
        510,
        243,
        351,
        258,
        218,
        261,
        268,
        413,
        146,
        324,
        356,
        326,
        100
      ]
    },
    "syn-v4-BA": {
      "recon": {
        "rel_err": 0.0346665233373642,
        "cos_sim": 0.9983552694320679
      },
      "n_active": 62,