{
  "individual": {
    "||A||": 10.382344245910645,
    "||B||": 10.347373962402344,
    "cos(A, B)": 0.9387195110321045
  },
  "composites": {
    "vec-sum": {
      "||composite||": 10.204833030700684,
      "cos(composite, A)": 0.9846131801605225,
      "cos(composite, B)": 0.984508216381073
    },
    "vec-mul": {
      "||composite||": 1.7528345584869385,
      "cos(composite, A)": 0.022621607407927513,
      "cos(composite, B)": 0.01902119256556034
    }
  }
}