{
  "combined_teacher": {
    "recon": {
      "rel_err": 0.007301560137420893,
      "cos_sim": 0.998578667640686
    },
    "n_active": 22,
    "topk_features": [
      486,
      48,
      6571,
      1837,
      552,
      3,
      3640,
      217,
      5136,
      12898,
      12411,
      502,
      190,
      1241,
      457,
      166,
      1220,
      10860,
      6129,
      2255
    ]
  },
  "sp_A_individual": {
    "n_active": 71,
    "topk_features": [
      96,
      406,
      242,
      282,
      409,
      447,
      510,
      243,
      1263,
      351,
      268,
      146,
      261,
      486,
      356,
      258,
      324,
      340,
      534,
      460
    ]
  },
  "sp_B_individual": {
    "n_active": 54,
    "topk_features": [
      96,
      406,
      409,
      242,
      282,
      243,
      258,
      486,
      510,
      351,
      447,
      413,
      218,
      146,
      268,
      1263,
      261,
      567,
      534,
      9262
    ]
  },
  "sp_AB_union_size": 88,
  "conditions": {
    "syn-v1-AB": {
      "recon": {
        "rel_err": 0.026807792484760284,
        "cos_sim": 0.9982814192771912
      },
      "n_active": 57,
      "topk_features": [
        96,
        409,
        242,
        406,
        447,
        1263,
        282,
        510,
        243,
        351,
        268,
        356,
        258,
        218,
        261,
        324,
        146,
        460,
        112,
        534
      ],
      "jaccard_combined": 0.06756756756756757,
      "jaccard_union": 0.5425531914893617,
      "jaccard_sp_A": 0.620253164556962,
      "jaccard_sp_B": 0.48,
      "shared_with_combined": [
        486,
        401,
        567,
        1241,
        1220
      ],
      "shared_with_union": [
        96,
        409,
        242,
        406,
        447,
        1263,
        282,
        510,
        243,
        351,
        268,
        356,
        258,
        218,
        261,
        324,
        146,
        460,
        112,
        534
      ]
    },
    "syn-v1-BA": {
      "recon": {
        "rel_err": 0.03434421494603157,
        "cos_sim": 0.9981487989425659
      },
      "n_active": 46,
      "topk_features": [
        409,
        96,
        406,
        242,
        282,
        243,
        1263,
        510,
        351,
        447,
        218,
        258,
        146,
        268,
        261,
        486,
        324,
        413,
        112,
        567
      ],
      "jaccard_combined": 0.11475409836065574,
      "jaccard_union": 0.44086021505376344,
      "jaccard_sp_A": 0.40963855421686746,
      "jaccard_sp_B": 0.6129032258064516,
      "shared_with_combined": [
        486,
        567,
        1241,
        401,
        3640,
        1220,
        1837
      ],
      "shared_with_union": [
        409,
        96,
        406,
        242,
        282,
        243,
        1263,
        510,
        351,
        447,
        218,
        258,
        146,
        268,
        261,
        486,
        324,
        413,
        112,
        567
      ]
    },
    "syn-v2-AB": {
      "recon": {
        "rel_err": 0.027101820334792137,
        "cos_sim": 0.9983211755752563
      },
      "n_active": 58,
      "topk_features": [
        96,
        409,
        242,
        447,
        406,
        1263,
        282,
        510,
        243,
        351,
        356,
        268,
        258,
        218,
        324,
        460,
        261,
        146,
        112,
        534
      ],
      "jaccard_combined": 0.08108108108108109,
      "jaccard_union": 0.5869565217391305,
      "jaccard_sp_A": 0.6538461538461539,
      "jaccard_sp_B": 0.47368421052631576,
      "shared_with_combined": [
        486,
        401,
        567,
        1241,
        3640,
        1220
      ],
      "shared_with_union": [
        96,
        409,
        242,
        447,
        406,
        1263,
        282,
        510,
        243,
        351,
        356,
        268,
        258,
        218,
        324,
        460,
        261,
        146,
        112,
        534
      ]
    },
    "syn-v2-BA": {
      "recon": {
        "rel_err": 0.03235746920108795,
        "cos_sim": 0.9981645345687866
      },
      "n_active": 46,
      "topk_features": [
        409,
        96,
        242,
        406,
        282,
        243,
        1263,
        510,
        447,
        218,
        351,
        258,
        146,
        268,
        486,
        261,
        324,
        112,
        413,
        356
      ],
      "jaccard_combined": 0.0967741935483871,
      "jaccard_union": 0.45652173913043476,
      "jaccard_sp_A": 0.4444444444444444,
      "jaccard_sp_B": 0.639344262295082,
      "shared_with_combined": [
        486,
        567,
        1241,
        401,
        3640,
        1220
      ],
      "shared_with_union": [
        409,
        96,
        242,
        406,
        282,
        243,
        1263,
        510,
        447,
        218,
        351,
        258,
        146,
        268,
        486,
        261,
        324,
        112,
        413,
        356
      ]
    },
    "syn-v3-AB": {
      "recon": {
        "rel_err": 0.02970106527209282,
        "cos_sim": 0.9981975555419922
      },
      "n_active": 55,
      "topk_features": [
        96,
        409,
        242,
        406,
        447,
        1263,
        282,
        510,
        243,
        351,
        268,
        258,
        356,
        261,
        218,
        324,
        460,
        112,
        146,
        534
      ],
      "jaccard_combined": 0.08450704225352113,
      "jaccard_union": 0.5376344086021505,
      "jaccard_sp_A": 0.575,
      "jaccard_sp_B": 0.5138888888888888,
      "shared_with_combined": [
        401,
        486,
        567,
        1241,
        1220,
        3640
      ],
      "shared_with_union": [
        96,
        409,
        242,
        406,
        447,
        1263,
        282,
        510,
        243,
        351,
        268,
        258,
        356,
        261,
        218,
        324,
        460,
        112,
        146,
        534
      ]
    },
    "syn-v3-BA": {
      "recon": {
        "rel_err": 0.03645630553364754,
        "cos_sim": 0.9980765581130981
      },
      "n_active": 45,
      "topk_features": [
        409,
        96,
        406,
        242,
        282,
        243,
        510,
        1263,
        351,
        447,
        258,
        218,
        146,
        268,
        486,
        261,
        413,
        324,
        262,
        112
      ],
      "jaccard_combined": 0.09836065573770492,
      "jaccard_union": 0.43010752688172044,
      "jaccard_sp_A": 0.43209876543209874,
      "jaccard_sp_B": 0.5967741935483871,
      "shared_with_combined": [
        486,
        1241,
        567,
        401,
        1220,
        3640
      ],
      "shared_with_union": [
        409,
        96,
        406,
        242,
        282,
        243,
        510,
        1263,
        351,
        447,
        258,
        218,
        146,
        268,
        486,
        261,
        413,
        324,
        262,
        112
      ]
    },
    "syn-v4-AB": {
      "recon": {
        "rel_err": 0.029863176867365837,
        "cos_sim": 0.9981980323791504
      },
      "n_active": 62,
      "topk_features": [
        96,
        409,
        242,
        406,
        447,
        1263,
        282,
        510,
        243,
        351,
        258,
        268,
        218,
        356,
        261,
        324,
        146,
        112,
        534,
        413
      ],
      "jaccard_combined": 0.07692307692307693,
      "jaccard_union": 0.5789473684210527,
      "jaccard_sp_A": 0.6024096385542169,
      "jaccard_sp_B": 0.5466666666666666,
      "shared_with_combined": [
        401,
        486,
        567,
        1241,
        1220,
        3640
      ],