{
  "combined_teacher": {
    "recon": {
      "rel_err": 0.007301560137420893,
      "cos_sim": 0.998578667640686
    },
    "n_active": 22,
    "topk_features": [
      486,
      48,
      6571,
      1837,
      552,
      3,
      3640,
      217,
      5136,
      12898,
      12411,
      502,
      190,
      1241,
      457,
      166,
      1220,
      10860,
      6129,
      2255
    ]
  },
  "sp_A_individual": {
    "n_active": 71,
    "topk_features": [
      96,
      406,
      242,
      282,
      409,
      447,
      510,
      243,
      1263,
      351,
      268,
      146,
      261,
      486,
      356,
      258,
      324,
      340,
      534,
      460
    ]
  },
  "sp_B_individual": {
    "n_active": 54,
    "topk_features": [
      96,
      406,
      409,
      242,
      282,
      243,
      258,
      486,
      510,
      351,
      447,
      413,
      218,
      146,
      268,
      1263,
      261,
      567,
      534,
      9262
    ]
  },
  "sp_AB_union_size": 88,
  "conditions": {
    "syn-v1-AB": {
      "recon": {
        "rel_err": 0.026807792484760284,
        "cos_sim": 0.9982814192771912
      },
      "n_active": 57,
      "topk_features": [
        96,
        409,
        242,
        406,
        447,
        1263,
        282,
        510,
        243,
        351,
        268,
        356,
        258,
        218,
        261,
        324,
        146,
        460,
        112,
        534
      ],
      "jaccard_combined": 0.06756756756756757,
      "jaccard_union": 0.5425531914893617,
      "jaccard_sp_A": 0.620253164556962,
      "jaccard_sp_B": 0.48,
      "shared_with_combined": [
        486,
        401,
        567,
        1241,
        1220
      ],
      "shared_with_union": [
        96,
        409,
        242,
        406,
        447,
        1263,
        282,
        510,
        243,
        351,
        268,
        356,
        258,
        218,
        261,
        324,
        146,
        460,
        112,
        534
      ]
    },
    "syn-v1-BA": {
      "recon": {
        "rel_err": 0.03434421494603157,
        "cos_sim": 0.9981487989425659
      },
      "n_active": 46,
      "topk_features": [
        409,
        96,
        406,
        242,
        282,
        243,
        1263,
        510,
        351,
        447,
        218,
        258,
        146,
        268,
        261,
        486,
        324,
        413,
        112,
        567
      ],
      "jaccard_combined": 0.11475409836065574,
      "jaccard_union": 0.44086021505376344,
      "jaccard_sp_A": 0.40963855421686746,
      "jaccard_sp_B": 0.6129032258064516,
      "shared_with_combined": [
        486,
        567,
        1241,
        401,
        3640,
        1220,
        1837
      ],
      "shared_with_union": [
        409,
        96,
        406,
        242,
        282,
        243,
        1263,
        510,
        351,
        447,
        218,
        258,
        146,
        268,
        261,
        486,
        324,
        413,
        112,
        567
      ]
    },
    "syn-v2-AB": {
      "recon": {
        "rel_err": 0.027101820334792137,
        "cos_sim": 0.9983211755752563
      },
      "n_active": 58,
      "topk_features": [
        96,
        409,
        242,
        447,
        406,
        1263,
        282,
        510,
        243,
        351,
        356,
        268,
        258,
        218,
        324,
        460,
        261,
        146,
        112,
        534
      ],
      "jaccard_combined": 0.08108108108108109,
      "jaccard_union": 0.5869565217391305,
      "jaccard_sp_A": 0.6538461538461539,
      "jaccard_sp_B": 0.47368421052631576,
      "shared_with_combined": [
        486,
        401,
        567,
        1241,
        3640,
        1220
      ],
      "shared_with_union": [
        96,
        409,
        242,
        447,
        406,
        1263,
        282,
        510,
        243,
        351,
        356,
        268,
        258,
        218,
        324,
        460,
        261,
        146,
        112,
        534
      ]
    },
    "syn-v2-BA": {
      "recon": {
        "rel_err": 0.03235746920108795,
        "cos_sim": 0.9981645345687866
      },
      "n_active": 46,
      "topk_features": [
        409,
        96,
        242,
        406,
        282,
        243,
        1263,
        510,
        447,
        218,
        351,
        258,
        146,
        268,
        486,
        261,
        324,
        112,
        413,
        356
      ],
      "jaccard_combined": 0.0967741935483871,
      "jaccard_union": 0.45652173913043476,
      "jaccard_sp_A": 0.4444444444444444,
      "jaccard_sp_B": 0.639344262295082,
      "shared_with_combined": [
        486,
        567,
        1241,
        401,
        3640,
        1220
      ],
      "shared_with_union": [
        409,
        96,
        242,
        406,
        282,
        243,
        1263,
        510,
        447,
        218,
        351,
        258,
        146,
        268,
        486,
        261,
        324,
        112,
        413,
        356
      ]
    },
    "vec-sum": {
      "recon": {
        "rel_err": 0.018855998292565346,
        "cos_sim": 0.9982271790504456
      },
      "n_active": 85,
      "topk_features": [
        409,
        96,
        282,
        406,
        447,
        242,
        510,
        243,
        1263,
        351,
        268,
        356,
        146,
        261,
        100,
        112,
        258,
        387,
        324,
        460
      ],
      "jaccard_combined": 0.049019607843137254,
      "jaccard_union": 0.47863247863247865,
      "jaccard_sp_A": 0.5145631067961165,
      "jaccard_sp_B": 0.34951456310679613,
      "shared_with_combined": [
        567,
        486,
        1241,
        401,
        2255
      ],
      "shared_with_union": [
        409,
        96,
        282,
        406,
        447,
        242,
        510,
        243,
        1263,
        351,
        268,
        356,
        146,
        261,
        100,
        112,
        258,
        387,
        324,
        460
      ]
    },
    "vec-mul": {
      "recon": {
        "rel_err": 0.02141345851123333,
        "cos_sim": 0.9978222846984863
      },
      "n_active": 84,
      "topk_features": [
        447,
        409,
        96,
        205,
        387,
        406,
        282,
        441,
        510,
        112,
        9805,
        6979,
        6312,
        146,
        996,
        15,
        427,
        242,
        268,
        567
      ],
      "jaccard_combined": 0.02912621359223301,
      "jaccard_union": 0.3230769230769231,
      "jaccard_sp_A": 0.37168141592920356,
      "jaccard_sp_B": 0.26605504587155965,
      "shared_with_combined": [
        567,
        1241,
        401
      ],
      "shared_with_union": [
        447,
        409,
        96,
        387,
        406,
        282,
        441,
        510,
        112,
        6312,
        146,
        427,
        242,
        268,
        567,
        261,
        351,
        159,
        5050,
        345
      ]
    }
  }
}