{
  "individual": {
    "||A||": 10.348154067993164,
    "||B||": 10.358384132385254,
    "cos(A, B)": 0.9324870109558105
  },
  "composites": {
    "vec-sum": {
      "||composite||": 10.177023887634277,
      "cos(composite, A)": 0.9829599261283875,
      "cos(composite, B)": 0.9829938411712646
    },
    "vec-mul": {
      "||composite||": 1.7380666732788086,
      "cos(composite, A)": 0.0193899217993021,
      "cos(composite, B)": 0.015559650957584381
    }
  }
}