{
  "combined_teacher": {
    "recon": {
      "rel_err": 0.005526502151042223,
      "cos_sim": 0.9984974265098572
    },
    "n_active": 26,
    "topk_features": [
      486,
      3932,
      6571,
      48,
      1837,
      5179,
      217,
      1946,
      166,
      6221,
      1220,
      3,
      552,
      502,
      1241,
      324,
      12898,
      2998,
      218,
      401
    ]
  },
  "sp_A_individual": {
    "n_active": 81,
    "topk_features": [
      96,
      406,
      242,
      282,
      447,
      1263,
      218,
      510,
      409,
      243,
      486,
      261,
      258,
      351,
      116,
      3932,
      534,
      159,
      401,
      441
    ]
  },
  "sp_B_individual": {
    "n_active": 74,
    "topk_features": [
      96,
      406,
      409,
      282,
      242,
      510,
      243,
      447,
      218,
      258,
      1263,
      413,
      486,
      261,
      351,
      268,
      2476,
      112,
      159,
      567
    ]
  },
  "sp_AB_union_size": 102,
  "conditions": {
    "syn-v1-AB": {
      "recon": {
        "rel_err": 0.03921406343579292,
        "cos_sim": 0.9981464743614197
      },
      "n_active": 58,
      "topk_features": [
        96,
        406,
        409,
        242,
        510,
        1263,
        218,
        447,
        282,
        243,
        351,
        258,
        486,
        116,
        261,
        262,
        3932,
        11396,
        401,
        534
      ],
      "jaccard_combined": 0.16666666666666666,
      "jaccard_union": 0.5238095238095238,
      "jaccard_sp_A": 0.6162790697674418,
      "jaccard_sp_B": 0.5529411764705883,
      "shared_with_combined": [
        218,
        486,
        3932,
        401,
        324,
        1220,
        567,
        1241,
        962,
        6571,
        1837,
        1946
      ],
      "shared_with_union": [
        96,
        406,
        409,
        242,
        510,
        1263,
        218,
        447,
        282,
        243,
        351,
        258,
        486,
        116,
        261,
        262,
        3932,
        11396,
        401,
        534
      ]
    },
    "syn-v1-BA": {
      "recon": {
        "rel_err": 0.034536078572273254,
        "cos_sim": 0.9982367753982544
      },
      "n_active": 53,
      "topk_features": [
        96,
        406,
        409,
        242,
        243,
        282,
        1263,
        510,
        218,
        447,
        258,
        351,
        486,
        261,
        116,
        413,
        268,
        159,
        262,
        401
      ],
      "jaccard_combined": 0.11267605633802817,
      "jaccard_union": 0.49038461538461536,
      "jaccard_sp_A": 0.5227272727272727,
      "jaccard_sp_B": 0.6282051282051282,
      "shared_with_combined": [
        218,
        486,
        401,
        324,
        1220,
        1241,
        567,
        1837
      ],
      "shared_with_union": [
        96,
        406,
        409,
        242,
        243,
        282,
        1263,
        510,
        218,
        447,
        258,
        351,
        486,
        261,
        116,
        413,
        268,
        159,
        262,
        401
      ]
    },
    "syn-v2-AB": {
      "recon": {
        "rel_err": 0.03700299188494682,
        "cos_sim": 0.9982282519340515
      },
      "n_active": 60,
      "topk_features": [
        96,
        406,
        242,
        409,
        1263,
        218,
        447,
        510,
        282,
        243,
        258,
        486,
        351,
        261,
        116,
        3932,
        401,
        534,
        324,
        262
      ],
      "jaccard_combined": 0.16216216216216217,
      "jaccard_union": 0.5576923076923077,
      "jaccard_sp_A": 0.6785714285714286,
      "jaccard_sp_B": 0.5402298850574713,
      "shared_with_combined": [
        218,
        486,
        3932,
        401,
        324,
        567,
        1241,
        1220,
        6571,
        5179,
        1837,
        962
      ],
      "shared_with_union": [
        96,
        406,
        242,
        409,
        1263,
        218,
        447,
        510,
        282,
        243,
        258,
        486,
        351,
        261,
        116,
        3932,
        401,
        534,
        324,
        262
      ]
    },
    "syn-v2-BA": {
      "recon": {
        "rel_err": 0.03413122519850731,
        "cos_sim": 0.9982776045799255
      },
      "n_active": 62,
      "topk_features": [
        96,
        409,
        406,
        242,
        1263,
        282,
        510,
        218,
        243,
        447,
        258,
        351,
        261,
        486,
        116,
        268,
        413,
        159,
        534,
        324
      ],
      "jaccard_combined": 0.1,
      "jaccard_union": 0.5327102803738317,
      "jaccard_sp_A": 0.5543478260869565,
      "jaccard_sp_B": 0.6,
      "shared_with_combined": [
        218,
        486,
        324,
        401,
        1241,
        567,
        1220,
        1837
      ],
      "shared_with_union": [
        96,
        409,
        406,
        242,
        1263,
        282,
        510,
        218,
        243,
        447,
        258,
        351,
        261,
        486,
        116,
        268,
        413,
        159,
        534,
        324
      ]
    },
    "syn-v3-AB": {
      "recon": {
        "rel_err": 0.03762371838092804,
        "cos_sim": 0.9981979131698608
      },
      "n_active": 63,
      "topk_features": [
        96,
        406,
        409,
        242,
        1263,
        510,
        218,
        447,
        282,
        243,
        351,
        486,
        258,
        261,
        116,
        11396,
        401,
        262,
        534,
        324
      ],
      "jaccard_combined": 0.14102564102564102,
      "jaccard_union": 0.5420560747663551,
      "jaccard_sp_A": 0.6363636363636364,
      "jaccard_sp_B": 0.5054945054945055,
      "shared_with_combined": [
        218,
        486,
        401,
        324,
        3932,
        1241,
        567,
        1220,
        962,
        6571,
        1837
      ],
      "shared_with_union": [
        96,
        406,
        409,
        242,
        1263,
        510,
        218,
        447,
        282,
        243,
        351,
        486,
        258,
        261,
        116,
        11396,
        401,
        262,
        534,
        324
      ]
    },
    "syn-v3-BA": {
      "recon": {
        "rel_err": 0.03540431708097458,
        "cos_sim": 0.9982329607009888
      },
      "n_active": 55,
      "topk_features": [
        96,
        406,
        409,
        242,
        1263,
        510,
        282,
        243,
        218,
        447,
        351,
        258,
        486,
        261,
        116,
        268,
        413,
        324,
        78,
        534
      ],
      "jaccard_combined": 0.14084507042253522,
      "jaccard_union": 0.5096153846153846,
      "jaccard_sp_A": 0.5280898876404494,
      "jaccard_sp_B": 0.6125,
      "shared_with_combined": [
        218,
        486,
        324,
        1220,
        1241,
        401,
        567,
        6571,
        217,
        1837
      ],
      "shared_with_union": [
        96,
        406,
        409,
        242,
        1263,
        510,
        282,
        243,
        218,
        447,
        351,
        258,
        486,
        261,
        116,
        268,
        413,
        324,
        78,
        534
      ]
    },
    "syn-v4-AB": {
      "recon": {
        "rel_err": 0.040785886347293854,
        "cos_sim": 0.9981443285942078
      },
      "n_active": 59,