{
  "cos_pos_neg": 0.9195297956466675,
  "cos_pos_minus_neg": -0.9195297956466675,
  "per_token": [
    {
      "i": 0,
      "cos(pos, neg)": 0.8879790306091309,
      "cos(pos, -neg)": -0.8879790306091309
    },
    {
      "i": 1,
      "cos(pos, neg)": 0.9285928010940552,
      "cos(pos, -neg)": -0.9285928010940552
    },
    {
      "i": 2,
      "cos(pos, neg)": 0.9323635101318359,
      "cos(pos, -neg)": -0.9323635101318359
    },
    {
      "i": 3,
      "cos(pos, neg)": 0.9281114935874939,
      "cos(pos, -neg)": -0.9281114935874939
    }
  ],
  "norms": {
    "||pos||": 10.382344245910645,
    "||neg||": 10.486289978027344,
    "||pos - neg||": 4.18721342086792,
    "||pos + neg||": 20.444507598876953
  }
}