{
  "persona": {
    "recon": {
      "rel_err": 0.005552832502871752,
      "cos_sim": 0.9986116290092468
    },
    "n_active": 24,
    "topk_features": [
      486,
      6571,
      1837,
      552,
      12898,
      48,
      502,
      1241,
      401,
      12411,
      166,
      217,
      441,
      107,
      1946,
      567,
      471,
      534,
      5483,
      10860
    ]
  },
  "conditions": {
    "pos-in-pos": {
      "recon": {
        "rel_err": 0.018966516479849815,
        "cos_sim": 0.9984109401702881
      },
      "n_active": 71,
      "topk_features": [
        96,
        406,
        242,
        282,
        409,
        447,
        510,
        243,
        1263,
        351,
        268,
        146,
        261,
        486,
        356,
        258,
        324,
        340,
        534,
        460
      ],
      "jaccard_active": 0.09195402298850575,
      "jaccard_topk": 0.05263157894736842,
      "shared_features": [
        486,
        534,
        441,
        567,
        1241,
        401,
        621,
        5483
      ]
    },
    "neg-in-neg": {
      "recon": {
        "rel_err": 0.03598199412226677,
        "cos_sim": 0.9978197813034058
      },
      "n_active": 68,
      "topk_features": [
        96,
        242,
        1263,
        447,
        282,
        406,
        409,
        243,
        510,
        534,
        351,
        258,
        567,
        428,
        320,
        324,
        112,
        146,
        218,
        460
      ],
      "jaccard_active": 0.08235294117647059,
      "jaccard_topk": 0.05263157894736842,
      "shared_features": [
        534,
        567,
        441,
        401,
        486,
        1946,
        1241
      ]
    },
    "pos-in-neg": {
      "recon": {
        "rel_err": 0.018830908462405205,
        "cos_sim": 0.9980913400650024
      },
      "n_active": 68,
      "topk_features": [
        96,
        242,
        409,
        447,
        406,
        282,
        351,
        510,
        460,
        261,
        243,
        268,
        486,
        324,
        146,
        21,
        112,
        258,
        1263,
        567
      ],
      "jaccard_active": 0.09523809523809523,
      "jaccard_topk": 0.05263157894736842,
      "shared_features": [
        486,
        567,
        1241,
        401,
        534,
        441,
        621,
        1946
      ]
    },
    "neg-in-pos": {
      "recon": {
        "rel_err": 0.0368446446955204,
        "cos_sim": 0.9979228973388672
      },
      "n_active": 71,
      "topk_features": [
        96,
        447,
        242,
        282,
        406,
        409,
        1263,
        510,
        218,
        243,
        534,
        268,
        258,
        146,
        351,
        441,
        112,
        1562,
        567,
        427
      ],
      "jaccard_active": 0.06741573033707865,
      "jaccard_topk": 0.08108108108108109,
      "shared_features": [
        534,
        441,
        567,
        486,
        401,
        1241
      ]
    }
  }
}