{
  "individual": {
    "||A||": 10.379180908203125,
    "||B||": 10.363171577453613,
    "cos(A, B)": 0.9400216341018677
  },
  "composites": {
    "vec-sum": {
      "||composite||": 10.214481353759766,
      "cos(composite, A)": 0.9849147200584412,
      "cos(composite, B)": 0.9848677515983582
    },
    "vec-mul": {
      "||composite||": 1.7508022785186768,
      "cos(composite, A)": 0.012512169778347015,
      "cos(composite, B)": 0.011888081207871437
    }
  }
}