{
  "combined_teacher": {
    "recon": {
      "rel_err": 0.006103466264903545,
      "cos_sim": 0.9983484148979187
    },
    "n_active": 15,
    "topk_features": [
      486,
      6571,
      3532,
      48,
      1837,
      190,
      158,
      217,
      3,
      460,
      502,
      50,
      1762,
      6221,
      401,
      0,
      1,
      2,
      4,
      5
    ]
  },
  "sp_A_individual": {
    "n_active": 75,
    "topk_features": [
      96,
      242,
      406,
      409,
      282,
      510,
      1263,
      258,
      243,
      351,
      218,
      447,
      261,
      486,
      413,
      460,
      326,
      146,
      268,
      3532
    ]
  },
  "sp_B_individual": {
    "n_active": 66,
    "topk_features": [
      96,
      406,
      282,
      242,
      409,
      447,
      510,
      243,
      1263,
      486,
      258,
      460,
      261,
      1562,
      100,
      351,
      268,
      441,
      1241,
      401
    ]
  },
  "sp_AB_union_size": 97,
  "conditions": {
    "syn-v1-AB": {
      "recon": {
        "rel_err": 0.03722653165459633,
        "cos_sim": 0.9982343316078186
      },
      "n_active": 68,
      "topk_features": [
        96,
        409,
        242,
        406,
        1263,
        510,
        282,
        447,
        243,
        258,
        351,
        261,
        218,
        326,
        460,
        112,
        356,
        268,
        146,
        2190
      ],
      "jaccard_combined": 0.05063291139240506,
      "jaccard_union": 0.5420560747663551,
      "jaccard_sp_A": 0.6436781609195402,
      "jaccard_sp_B": 0.4888888888888889,
      "shared_with_combined": [
        460,
        401,
        486,
        3532
      ],
      "shared_with_union": [
        96,
        409,
        242,
        406,
        1263,
        510,
        282,
        447,
        243,
        258,
        351,
        261,
        218,
        326,
        460,
        112,
        356,
        268,
        146,
        2190
      ]
    },
    "syn-v1-BA": {
      "recon": {
        "rel_err": 0.027391768991947174,
        "cos_sim": 0.998406171798706
      },
      "n_active": 65,
      "topk_features": [
        96,
        409,
        406,
        242,
        282,
        1263,
        447,
        510,
        243,
        258,
        261,
        351,
        460,
        268,
        324,
        100,
        112,
        1562,
        387,
        159
      ],
      "jaccard_combined": 0.05263157894736842,
      "jaccard_union": 0.5728155339805825,
      "jaccard_sp_A": 0.4583333333333333,
      "jaccard_sp_B": 0.7466666666666667,
      "shared_with_combined": [
        460,
        401,
        486,
        1762
      ],
      "shared_with_union": [
        96,
        409,
        406,
        242,
        282,
        1263,
        447,
        510,
        243,
        258,
        261,
        351,
        460,
        268,
        324,
        100,
        112,
        1562,
        387,
        159
      ]
    },
    "syn-v2-AB": {
      "recon": {
        "rel_err": 0.03277077153325081,
        "cos_sim": 0.9982826113700867
      },
      "n_active": 67,
      "topk_features": [
        96,
        409,
        242,
        406,
        1263,
        282,
        510,
        447,
        243,
        258,
        351,
        261,
        218,
        460,
        356,
        112,
        326,
        146,
        268,
        534
      ],
      "jaccard_combined": 0.05128205128205128,
      "jaccard_union": 0.5327102803738317,
      "jaccard_sp_A": 0.6136363636363636,
      "jaccard_sp_B": 0.4943820224719101,
      "shared_with_combined": [
        460,
        401,
        3532,
        486
      ],
      "shared_with_union": [
        96,
        409,
        242,
        406,
        1263,
        282,
        510,
        447,
        243,
        258,
        351,
        261,
        218,
        460,
        356,
        112,
        326,
        146,
        268,
        534
      ]
    },
    "syn-v2-BA": {
      "recon": {
        "rel_err": 0.025544824078679085,
        "cos_sim": 0.9984369277954102
      },
      "n_active": 57,
      "topk_features": [
        96,
        409,
        406,
        242,
        282,
        447,
        1263,
        510,
        243,
        258,
        261,
        460,
        351,
        324,
        268,
        100,
        387,
        159,
        1562,
        486
      ],
      "jaccard_combined": 0.058823529411764705,
      "jaccard_union": 0.54,
      "jaccard_sp_A": 0.45054945054945056,
      "jaccard_sp_B": 0.7571428571428571,
      "shared_with_combined": [
        460,
        486,
        401,
        1762
      ],
      "shared_with_union": [
        96,
        409,
        406,
        242,
        282,
        447,
        1263,
        510,
        243,
        258,
        261,
        460,
        351,
        324,
        268,
        100,
        387,
        159,
        1562,
        486
      ]
    },
    "syn-v3-AB": {
      "recon": {
        "rel_err": 0.03674774244427681,
        "cos_sim": 0.9982216358184814
      },
      "n_active": 66,
      "topk_features": [
        96,
        409,
        242,
        406,
        1263,
        510,
        282,
        243,
        351,
        258,
        447,
        261,
        218,
        326,
        268,
        460,
        112,
        324,
        413,
        356
      ],
      "jaccard_combined": 0.05194805194805195,
      "jaccard_union": 0.5377358490566038,
      "jaccard_sp_A": 0.6588235294117647,
      "jaccard_sp_B": 0.4666666666666667,
      "shared_with_combined": [
        460,
        401,
        486,
        3532
      ],
      "shared_with_union": [
        96,
        409,
        242,
        406,
        1263,
        510,
        282,
        243,
        351,
        258,
        447,
        261,
        218,
        326,
        268,
        460,
        112,
        324,
        413,
        356
      ]
    },
    "syn-v3-BA": {
      "recon": {
        "rel_err": 0.027723059058189392,
        "cos_sim": 0.9983974695205688
      },
      "n_active": 67,
      "topk_features": [
        409,
        96,
        406,
        242,
        282,
        1263,
        510,
        447,
        243,
        261,
        258,
        351,
        460,
        324,
        387,
        268,
        159,
        112,
        356,
        11396
      ],
      "jaccard_combined": 0.05128205128205128,
      "jaccard_union": 0.5471698113207547,
      "jaccard_sp_A": 0.4489795918367347,
      "jaccard_sp_B": 0.6835443037974683,
      "shared_with_combined": [
        460,
        486,
        401,
        1762
      ],
      "shared_with_union": [
        409,
        96,
        406,
        242,
        282,
        1263,
        510,
        447,
        243,
        261,
        258,
        351,
        460,
        324,
        387,
        268,
        159,
        112,
        356,
        486
      ]
    },
    "syn-v4-AB": {
      "recon": {
        "rel_err": 0.04076148942112923,
        "cos_sim": 0.9982052445411682
      },
      "n_active": 60,
      "topk_features": [
        96,
        409,
        242,
        406,
        1263,
        510,
        282,
        243,
        258,
        351,
        447,
        261,
        218,
        326,
        268,
        146,
        112,
        460,
        100,
        413
      ],
      "jaccard_combined": 0.056338028169014086,
      "jaccard_union": 0.49523809523809526,
      "jaccard_sp_A": 0.5882352941176471,
      "jaccard_sp_B": 0.5,
      "shared_with_combined": [
        460,
        401,
        486,
        3532
      ],