{
  "individual": {
    "||A||": 10.337272644042969,
    "||B||": 10.418883323669434,
    "cos(A, B)": 0.9422786831855774
  },
  "composites": {
    "vec-sum": {
      "||composite||": 10.227225303649902,
      "cos(composite, A)": 0.9853485822677612,
      "cos(composite, B)": 0.9855788946151733
    },
    "vec-mul": {
      "||composite||": 1.7553975582122803,
      "cos(composite, A)": 0.01315154880285263,
      "cos(composite, B)": 0.017184121534228325
    }
  }
}