{
  "combined_teacher": {
    "recon": {
      "rel_err": 0.01044557150453329,
      "cos_sim": 0.9984435439109802
    },
    "n_active": 16,
    "topk_features": [
      486,
      3,
      6129,
      48,
      437,
      4271,
      143,
      1071,
      457,
      6571,
      50,
      4014,
      1837,
      5117,
      2227,
      1391,
      0,
      1,
      2,
      4
    ]
  },
  "sp_A_individual": {
    "n_active": 60,
    "topk_features": [
      96,
      406,
      242,
      409,
      282,
      243,
      510,
      218,
      258,
      486,
      261,
      1263,
      413,
      351,
      447,
      534,
      2076,
      1241,
      159,
      1307
    ]
  },
  "sp_B_individual": {
    "n_active": 91,
    "topk_features": [
      96,
      242,
      447,
      406,
      282,
      409,
      1263,
      510,
      243,
      218,
      268,
      486,
      428,
      261,
      534,
      340,
      146,
      441,
      159,
      460
    ]
  },
  "sp_AB_union_size": 107,
  "conditions": {
    "syn-v1-AB": {
      "recon": {
        "rel_err": 0.033360257744789124,
        "cos_sim": 0.9980700016021729
      },
      "n_active": 55,
      "topk_features": [
        96,
        409,
        406,
        242,
        243,
        1263,
        510,
        282,
        218,
        447,
        261,
        258,
        486,
        534,
        351,
        413,
        268,
        78,
        159,
        324
      ],
      "jaccard_combined": 0.04411764705882353,
      "jaccard_union": 0.4336283185840708,
      "jaccard_sp_A": 0.5972222222222222,
      "jaccard_sp_B": 0.44554455445544555,
      "shared_with_combined": [
        486,
        6571,
        4271
      ],
      "shared_with_union": [
        96,
        409,
        406,
        242,
        243,
        1263,
        510,
        282,
        218,
        447,
        261,
        258,
        486,
        534,
        351,
        413,
        268,
        78,
        159,
        324
      ]
    },
    "syn-v1-BA": {
      "recon": {
        "rel_err": 0.03563765436410904,
        "cos_sim": 0.9982519149780273
      },
      "n_active": 60,
      "topk_features": [
        96,
        409,
        406,
        242,
        1263,
        447,
        282,
        510,
        243,
        258,
        351,
        218,
        261,
        534,
        268,
        324,
        159,
        146,
        112,
        413
      ],
      "jaccard_combined": 0.013333333333333334,
      "jaccard_union": 0.4778761061946903,
      "jaccard_sp_A": 0.4457831325301205,
      "jaccard_sp_B": 0.5567010309278351,
      "shared_with_combined": [
        486
      ],
      "shared_with_union": [
        96,
        409,
        406,
        242,
        1263,
        447,
        282,
        510,
        243,
        258,
        351,
        218,
        261,
        534,
        268,
        324,
        159,
        146,
        112,
        413
      ]
    },
    "syn-v2-AB": {
      "recon": {
        "rel_err": 0.035727668553590775,
        "cos_sim": 0.9980175495147705
      },
      "n_active": 59,
      "topk_features": [
        96,
        242,
        409,
        406,
        1263,
        510,
        243,
        282,
        447,
        218,
        258,
        261,
        351,
        534,
        486,
        413,
        159,
        268,
        78,
        324
      ],
      "jaccard_combined": 0.0273972602739726,
      "jaccard_union": 0.43103448275862066,
      "jaccard_sp_A": 0.5454545454545454,
      "jaccard_sp_B": 0.42857142857142855,
      "shared_with_combined": [
        486,
        4271
      ],
      "shared_with_union": [
        96,
        242,
        409,
        406,
        1263,
        510,
        243,
        282,
        447,
        218,
        258,
        261,
        351,
        534,
        486,
        413,
        159,
        268,
        78,
        324
      ]
    },
    "syn-v2-BA": {
      "recon": {
        "rel_err": 0.030525239184498787,
        "cos_sim": 0.9983547925949097
      },
      "n_active": 57,
      "topk_features": [
        96,
        409,
        242,
        447,
        406,
        1263,
        282,
        243,
        510,
        218,
        258,
        351,
        534,
        261,
        486,
        324,
        268,
        112,
        159,
        134
      ],
      "jaccard_combined": 0.04285714285714286,
      "jaccard_union": 0.4774774774774775,
      "jaccard_sp_A": 0.4268292682926829,
      "jaccard_sp_B": 0.5416666666666666,
      "shared_with_combined": [
        486,
        4271,
        4014
      ],
      "shared_with_union": [
        96,
        409,
        242,
        447,
        406,
        1263,
        282,
        243,
        510,
        218,
        258,
        351,
        534,
        261,
        486,
        324,
        268,
        112,
        159,
        134
      ]
    },
    "syn-v3-AB": {
      "recon": {
        "rel_err": 0.034442316740751266,
        "cos_sim": 0.9980320334434509
      },
      "n_active": 51,
      "topk_features": [
        96,
        409,
        406,
        242,
        243,
        510,
        1263,
        282,
        218,
        261,
        486,
        447,
        351,
        258,
        534,
        413,
        11396,
        78,
        324,
        268
      ],
      "jaccard_combined": 0.06349206349206349,
      "jaccard_union": 0.3739130434782609,
      "jaccard_sp_A": 0.5416666666666666,
      "jaccard_sp_B": 0.36538461538461536,
      "shared_with_combined": [
        486,
        4271,
        6571,
        4014
      ],
      "shared_with_union": [
        96,
        409,
        406,
        242,
        243,
        510,
        1263,
        282,
        218,
        261,
        486,
        447,
        351,
        258,
        534,
        413,
        78,
        324,
        268,
        1241
      ]
    },
    "syn-v3-BA": {
      "recon": {
        "rel_err": 0.0322660394012928,
        "cos_sim": 0.9983325004577637
      },
      "n_active": 61,
      "topk_features": [
        96,
        409,
        406,
        242,
        1263,
        447,
        282,
        510,
        243,
        218,
        351,
        258,
        261,
        324,
        534,
        268,
        486,
        159,
        116,
        112
      ],
      "jaccard_combined": 0.02666666666666667,
      "jaccard_union": 0.5135135135135135,
      "jaccard_sp_A": 0.44047619047619047,
      "jaccard_sp_B": 0.5833333333333334,
      "shared_with_combined": [
        486,
        4014
      ],
      "shared_with_union": [
        96,
        409,
        406,
        242,
        1263,
        447,
        282,
        510,
        243,
        218,
        351,
        258,
        261,
        324,
        534,
        268,
        486,
        159,
        116,
        112
      ]
    },
    "syn-v4-AB": {
      "recon": {
        "rel_err": 0.035089828073978424,
        "cos_sim": 0.9980887770652771
      },
      "n_active": 58,
      "topk_features": [
        96,
        409,
        406,
        242,
        1263,
        243,
        510,
        282,
        218,
        447,
        261,
        258,
        486,
        351,
        534,
        413,
        11396,
        159,
        268,
        78
      ],
      "jaccard_combined": 0.0136986301369863,
      "jaccard_union": 0.46017699115044247,
      "jaccard_sp_A": 0.6388888888888888,
      "jaccard_sp_B": 0.46078431372549017,
      "shared_with_combined": [
        486
      ],
      "shared_with_union": [
        96,
        409,
        406,
        242,
        1263,
        243,
        510,
        282,
        218,
        447,
        261,
        258,
        486,
        351,
        534,
        413,
        159,
        268,
        78,
        324
      ]
    },