{
  "individual": {
    "||A||": 10.347373962402344,
    "||B||": 10.38735294342041,
    "cos(A, B)": 0.946442186832428
  },
  "composites": {
    "vec-sum": {
      "||composite||": 10.227608680725098,
      "cos(composite, A)": 0.9864673614501953,
      "cos(composite, B)": 0.9865719079971313
    },
    "vec-mul": {
      "||composite||": 1.7647120952606201,
      "cos(composite, A)": 0.012105707079172134,
      "cos(composite, B)": 0.00850304402410984
    }
  }
}