{
  "combined_teacher": {
    "recon": {
      "rel_err": 0.009515547193586826,
      "cos_sim": 0.9984866976737976
    },
    "n_active": 18,
    "topk_features": [
      486,
      6571,
      48,
      6129,
      190,
      3,
      457,
      5970,
      552,
      8407,
      1837,
      6221,
      362,
      437,
      1220,
      10860,
      143,
      12411,
      0,
      1
    ]
  },
  "sp_A_individual": {
    "n_active": 54,
    "topk_features": [
      96,
      406,
      409,
      242,
      282,
      243,
      258,
      486,
      510,
      351,
      447,
      413,
      218,
      146,
      268,
      1263,
      261,
      567,
      534,
      9262
    ]
  },
  "sp_B_individual": {
    "n_active": 61,
    "topk_features": [
      96,
      447,
      242,
      406,
      409,
      282,
      510,
      243,
      1263,
      351,
      258,
      534,
      486,
      146,
      261,
      441,
      268,
      460,
      218,
      567
    ]
  },
  "sp_AB_union_size": 77,
  "conditions": {
    "syn-v1-AB": {
      "recon": {
        "rel_err": 0.03459784388542175,
        "cos_sim": 0.9980852007865906
      },
      "n_active": 50,
      "topk_features": [
        96,
        409,
        406,
        242,
        282,
        243,
        1263,
        258,
        351,
        218,
        510,
        447,
        486,
        146,
        413,
        261,
        268,
        324,
        534,
        112
      ],
      "jaccard_combined": 0.07936507936507936,
      "jaccard_union": 0.49411764705882355,
      "jaccard_sp_A": 0.6507936507936508,
      "jaccard_sp_B": 0.4605263157894737,
      "shared_with_combined": [
        486,
        1220,
        1837,
        5970,
        6571
      ],
      "shared_with_union": [
        96,
        409,
        406,
        242,
        282,
        243,
        1263,
        258,
        351,
        218,
        510,
        447,
        486,
        146,
        413,
        261,
        268,
        324,
        534,
        112
      ]
    },
    "syn-v1-BA": {
      "recon": {
        "rel_err": 0.04259692505002022,
        "cos_sim": 0.9979844689369202
      },
      "n_active": 53,
      "topk_features": [
        96,
        409,
        406,
        447,
        242,
        282,
        1263,
        243,
        510,
        351,
        258,
        218,
        268,
        534,
        261,
        112,
        146,
        159,
        356,
        324
      ],
      "jaccard_combined": 0.028985507246376812,
      "jaccard_union": 0.5116279069767442,
      "jaccard_sp_A": 0.4861111111111111,
      "jaccard_sp_B": 0.6056338028169014,
      "shared_with_combined": [
        486,
        1220
      ],
      "shared_with_union": [
        96,
        409,
        406,
        447,
        242,
        282,
        1263,
        243,
        510,
        351,
        258,
        218,
        268,
        534,
        261,
        112,
        146,
        159,
        356,
        324
      ]
    },
    "syn-v2-AB": {
      "recon": {
        "rel_err": 0.032803140580654144,
        "cos_sim": 0.99812912940979
      },
      "n_active": 50,
      "topk_features": [
        96,
        409,
        242,
        406,
        282,
        243,
        1263,
        447,
        258,
        510,
        351,
        218,
        146,
        261,
        486,
        268,
        534,
        413,
        324,
        112
      ],
      "jaccard_combined": 0.07936507936507936,
      "jaccard_union": 0.5301204819277109,
      "jaccard_sp_A": 0.6774193548387096,
      "jaccard_sp_B": 0.5,
      "shared_with_combined": [
        486,
        1220,
        5970,
        1837,
        6571
      ],
      "shared_with_union": [
        96,
        409,
        242,
        406,
        282,
        243,
        1263,
        447,
        258,
        510,
        351,
        218,
        146,
        261,
        486,
        268,
        534,
        413,
        324,
        112
      ]
    },
    "syn-v2-BA": {
      "recon": {
        "rel_err": 0.03917539864778519,
        "cos_sim": 0.9981625080108643
      },
      "n_active": 50,
      "topk_features": [
        96,
        409,
        242,
        447,
        406,
        282,
        1263,
        510,
        243,
        351,
        258,
        268,
        261,
        218,
        146,
        356,
        460,
        534,
        112,
        159
      ],
      "jaccard_combined": 0.014925373134328358,
      "jaccard_union": 0.49411764705882355,
      "jaccard_sp_A": 0.4444444444444444,
      "jaccard_sp_B": 0.6086956521739131,
      "shared_with_combined": [
        486
      ],
      "shared_with_union": [
        96,
        409,
        242,
        447,
        406,
        282,
        1263,
        510,
        243,
        351,
        258,
        268,
        261,
        218,
        146,
        356,
        460,
        534,
        112,
        159
      ]
    },
    "syn-v3-AB": {
      "recon": {
        "rel_err": 0.03664001449942589,
        "cos_sim": 0.9980413913726807
      },
      "n_active": 47,
      "topk_features": [
        96,
        409,
        406,
        242,
        243,
        282,
        1263,
        218,
        258,
        351,
        510,
        447,
        486,
        413,
        261,
        534,
        146,
        268,
        262,
        324
      ],
      "jaccard_combined": 0.08333333333333333,
      "jaccard_union": 0.4939759036144578,
      "jaccard_sp_A": 0.6290322580645161,
      "jaccard_sp_B": 0.4794520547945205,
      "shared_with_combined": [
        486,
        1220,
        1837,
        6571,
        5970
      ],
      "shared_with_union": [
        96,
        409,
        406,
        242,
        243,
        282,
        1263,
        218,
        258,
        351,
        510,
        447,
        486,
        413,
        261,
        534,
        146,
        268,
        262,
        324
      ]
    },
    "syn-v3-BA": {
      "recon": {
        "rel_err": 0.03987077251076698,
        "cos_sim": 0.997999906539917
      },
      "n_active": 51,
      "topk_features": [
        96,
        409,
        242,
        447,
        406,
        282,
        1263,
        243,
        510,
        351,
        258,
        218,
        268,
        261,
        534,
        159,
        112,
        356,
        324,
        460
      ],
      "jaccard_combined": 0.029850746268656716,
      "jaccard_union": 0.47126436781609193,
      "jaccard_sp_A": 0.4788732394366197,
      "jaccard_sp_B": 0.5555555555555556,
      "shared_with_combined": [
        486,
        1220
      ],
      "shared_with_union": [
        96,
        409,
        242,
        447,
        406,
        282,
        1263,
        243,
        510,
        351,
        258,
        218,
        268,
        261,
        534,
        159,
        112,
        356,
        324,
        460
      ]
    },
    "syn-v4-AB": {
      "recon": {
        "rel_err": 0.033279262483119965,
        "cos_sim": 0.9980894327163696
      },
      "n_active": 47,
      "topk_features": [
        96,
        409,
        406,
        242,
        282,
        243,
        258,
        510,
        1263,
        351,
        218,
        447,
        146,
        261,
        486,
        268,
        413,
        262,
        324,
        11396
      ],
      "jaccard_combined": 0.06557377049180328,
      "jaccard_union": 0.47619047619047616,
      "jaccard_sp_A": 0.6031746031746031,
      "jaccard_sp_B": 0.5,
      "shared_with_combined": [
        486,
        1220,
        1837,
        5970
      ],