{
  "individual": {
    "||A||": 10.348154067993164,
    "||B||": 10.346770286560059,
    "cos(A, B)": 0.9290051460266113
  },
  "composites": {
    "vec-sum": {
      "||composite||": 10.162149429321289,
      "cos(composite, A)": 0.982093334197998,
      "cos(composite, B)": 0.9820884466171265
    },
    "vec-mul": {
      "||composite||": 1.7287522554397583,
      "cos(composite, A)": 0.017083777114748955,
      "cos(composite, B)": 0.015363259240984917
    }
  }
}