{
  "combined_teacher": {
    "recon": {
      "rel_err": 0.004699287470430136,
      "cos_sim": 0.998473048210144
    },
    "n_active": 19,
    "topk_features": [
      486,
      3932,
      48,
      217,
      1837,
      6571,
      5179,
      1477,
      1946,
      166,
      552,
      502,
      3640,
      218,
      1011,
      401,
      3,
      525,
      567,
      0
    ]
  },
  "sp_A_individual": {
    "n_active": 81,
    "topk_features": [
      96,
      406,
      242,
      282,
      447,
      1263,
      218,
      510,
      409,
      243,
      486,
      261,
      258,
      351,
      116,
      3932,
      534,
      159,
      401,
      441
    ]
  },
  "sp_B_individual": {
    "n_active": 46,
    "topk_features": [
      96,
      406,
      242,
      409,
      282,
      243,
      447,
      510,
      218,
      351,
      413,
      258,
      146,
      268,
      486,
      1263,
      261,
      154,
      6158,
      5050
    ]
  },
  "sp_AB_union_size": 94,
  "conditions": {
    "syn-v1-AB": {
      "recon": {
        "rel_err": 0.03677115589380264,
        "cos_sim": 0.9981458783149719
      },
      "n_active": 61,
      "topk_features": [
        96,
        406,
        409,
        1263,
        242,
        447,
        510,
        282,
        243,
        218,
        351,
        258,
        261,
        116,
        262,
        159,
        486,
        78,
        268,
        401
      ],
      "jaccard_combined": 0.06666666666666667,
      "jaccard_union": 0.5656565656565656,
      "jaccard_sp_A": 0.6136363636363636,
      "jaccard_sp_B": 0.44594594594594594,
      "shared_with_combined": [
        218,
        486,
        401,
        3932,
        567
      ],
      "shared_with_union": [
        96,
        406,
        409,
        1263,
        242,
        447,
        510,
        282,
        243,
        218,
        351,
        258,
        261,
        116,
        262,
        159,
        486,
        78,
        268,
        401
      ]
    },
    "syn-v1-BA": {
      "recon": {
        "rel_err": 0.0321674719452858,
        "cos_sim": 0.9981873035430908
      },
      "n_active": 54,
      "topk_features": [
        96,
        406,
        409,
        242,
        282,
        243,
        1263,
        510,
        447,
        218,
        351,
        258,
        261,
        268,
        413,
        146,
        112,
        154,
        159,
        534
      ],
      "jaccard_combined": 0.08955223880597014,
      "jaccard_union": 0.5102040816326531,
      "jaccard_sp_A": 0.4673913043478261,
      "jaccard_sp_B": 0.6129032258064516,
      "shared_with_combined": [
        218,
        486,
        401,
        567,
        1477,
        1837
      ],
      "shared_with_union": [
        96,
        406,
        409,
        242,
        282,
        243,
        1263,
        510,
        447,
        218,
        351,
        258,
        261,
        268,
        413,
        146,
        112,
        154,
        159,
        534
      ]
    },
    "syn-v2-AB": {
      "recon": {
        "rel_err": 0.03431878238916397,
        "cos_sim": 0.9982147812843323
      },
      "n_active": 63,
      "topk_features": [
        96,
        406,
        409,
        242,
        447,
        1263,
        282,
        218,
        510,
        243,
        351,
        258,
        261,
        486,
        116,
        159,
        3932,
        401,
        1562,
        534
      ],
      "jaccard_combined": 0.07894736842105263,
      "jaccard_union": 0.57,
      "jaccard_sp_A": 0.6,
      "jaccard_sp_B": 0.4342105263157895,
      "shared_with_combined": [
        218,
        486,
        3932,
        401,
        567,
        1477
      ],
      "shared_with_union": [
        96,
        406,
        409,
        242,
        447,
        1263,
        282,
        218,
        510,
        243,
        351,
        258,
        261,
        486,
        116,
        159,
        3932,
        401,
        1562,
        534
      ]
    },
    "syn-v2-BA": {
      "recon": {
        "rel_err": 0.032610416412353516,
        "cos_sim": 0.9982795715332031
      },
      "n_active": 55,
      "topk_features": [
        96,
        409,
        242,
        406,
        282,
        1263,
        447,
        510,
        243,
        218,
        351,
        258,
        261,
        268,
        146,
        413,
        159,
        112,
        534,
        100
      ],
      "jaccard_combined": 0.07246376811594203,
      "jaccard_union": 0.5050505050505051,
      "jaccard_sp_A": 0.4782608695652174,
      "jaccard_sp_B": 0.578125,
      "shared_with_combined": [
        218,
        401,
        486,
        567,
        1477
      ],
      "shared_with_union": [
        96,
        409,
        242,
        406,
        282,
        1263,
        447,
        510,
        243,
        218,
        351,
        258,
        261,
        268,
        146,
        413,
        159,
        112,
        534,
        100
      ]
    },
    "syn-v3-AB": {
      "recon": {
        "rel_err": 0.03691592440009117,
        "cos_sim": 0.9981387257575989
      },
      "n_active": 58,
      "topk_features": [
        96,
        406,
        409,
        1263,
        242,
        510,
        447,
        282,
        243,
        218,
        351,
        258,
        261,
        116,
        486,
        268,
        159,
        262,
        324,
        534
      ],
      "jaccard_combined": 0.08450704225352113,
      "jaccard_union": 0.5833333333333334,
      "jaccard_sp_A": 0.6352941176470588,
      "jaccard_sp_B": 0.4444444444444444,
      "shared_with_combined": [
        218,
        486,
        401,
        3932,
        567,
        6571
      ],
      "shared_with_union": [
        96,
        406,
        409,
        1263,
        242,
        510,
        447,
        282,
        243,
        218,
        351,
        258,
        261,
        116,
        486,
        268,
        159,
        262,
        324,
        534
      ]
    },
    "syn-v3-BA": {
      "recon": {
        "rel_err": 0.036117881536483765,
        "cos_sim": 0.9980881214141846
      },
      "n_active": 50,
      "topk_features": [
        96,
        406,
        409,
        242,
        1263,
        282,
        510,
        243,
        218,
        447,
        351,
        258,
        261,
        268,
        146,
        413,
        112,
        159,
        154,
        486
      ],
      "jaccard_combined": 0.06153846153846154,
      "jaccard_union": 0.4845360824742268,
      "jaccard_sp_A": 0.45555555555555555,
      "jaccard_sp_B": 0.6,
      "shared_with_combined": [
        218,
        486,
        401,
        567
      ],
      "shared_with_union": [
        96,
        406,
        409,
        242,
        1263,
        282,
        510,
        243,
        218,
        447,
        351,
        258,
        261,
        268,
        146,
        413,
        112,
        159,
        154,
        486
      ]
    },
    "syn-v4-AB": {
      "recon": {
        "rel_err": 0.03680409491062164,
        "cos_sim": 0.9981542229652405
      },
      "n_active": 56,
      "topk_features": [
        96,
        406,
        409,
        242,
        1263,
        447,
        510,
        243,
        282,
        218,
        351,
        261,
        258,
        262,
        116,
        486,
        268,
        159,
        11396,
        3932
      ],
      "jaccard_combined": 0.08695652173913043,
      "jaccard_union": 0.5463917525773195,
      "jaccard_sp_A": 0.5930232558139535,
      "jaccard_sp_B": 0.45714285714285713,
      "shared_with_combined": [
        218,
        486,
        3932,
        401,
        567,
        6571
      ],