{
  "cos_pos_neg": 0.9224228858947754,
  "cos_pos_minus_neg": -0.9224228858947754,
  "per_token": [
    {
      "i": 0,
      "cos(pos, neg)": 0.9031051397323608,
      "cos(pos, -neg)": -0.9031051397323608
    },
    {
      "i": 1,
      "cos(pos, neg)": 0.9225983619689941,
      "cos(pos, -neg)": -0.9225983619689941
    },
    {
      "i": 2,
      "cos(pos, neg)": 0.9274479746818542,
      "cos(pos, -neg)": -0.9274479746818542
    },
    {
      "i": 3,
      "cos(pos, neg)": 0.9358702301979065,
      "cos(pos, -neg)": -0.9358702301979065
    }
  ],
  "norms": {
    "||pos||": 10.347373962402344,
    "||neg||": 10.422183990478516,
    "||pos - neg||": 4.091183662414551,
    "||pos + neg||": 20.362768173217773
  }
}