{
  "persona": {
    "recon": {
      "rel_err": 0.006669220514595509,
      "cos_sim": 0.998625636100769
    },
    "n_active": 22,
    "topk_features": [
      486,
      1837,
      6571,
      3640,
      6129,
      190,
      1220,
      217,
      166,
      48,
      3,
      502,
      5970,
      457,
      2476,
      6221,
      107,
      567,
      9830,
      621
    ]
  },
  "conditions": {
    "pos-in-pos": {
      "recon": {
        "rel_err": 0.025837121531367302,
        "cos_sim": 0.9981646537780762
      },
      "n_active": 54,
      "topk_features": [
        96,
        406,
        409,
        242,
        282,
        243,
        258,
        486,
        510,
        351,
        447,
        413,
        218,
        146,
        268,
        1263,
        261,
        567,
        534,
        9262
      ],
      "jaccard_active": 0.11764705882352941,
      "jaccard_topk": 0.05263157894736842,
      "shared_features": [
        486,
        567,
        1220,
        5970,
        1837,
        3640,
        217,
        6571
      ]
    },
    "neg-in-neg": {
      "recon": {
        "rel_err": 0.020011818036437035,
        "cos_sim": 0.9981290698051453
      },
      "n_active": 46,
      "topk_features": [
        96,
        447,
        242,
        406,
        409,
        486,
        282,
        146,
        534,
        243,
        510,
        5050,
        351,
        567,
        1837,
        218,
        154,
        9262,
        1066,
        1241
      ],
      "jaccard_active": 0.0967741935483871,
      "jaccard_topk": 0.08108108108108109,
      "shared_features": [
        486,
        567,
        1837,
        1220,
        6571,
        3640
      ]
    },
    "pos-in-neg": {
      "recon": {
        "rel_err": 0.02116708643734455,
        "cos_sim": 0.9980772733688354
      },
      "n_active": 65,
      "topk_features": [
        96,
        242,
        409,
        406,
        282,
        510,
        351,
        447,
        258,
        413,
        486,
        243,
        261,
        268,
        460,
        21,
        9262,
        146,
        324,
        1263
      ],
      "jaccard_active": 0.0875,
      "jaccard_topk": 0.02564102564102564,
      "shared_features": [
        486,
        567,
        1220,
        3640,
        5970,
        1837,
        9830
      ]
    },
    "neg-in-pos": {
      "recon": {
        "rel_err": 0.02102247253060341,
        "cos_sim": 0.9980899095535278
      },
      "n_active": 42,
      "topk_features": [
        96,
        447,
        406,
        242,
        409,
        282,
        510,
        146,
        486,
        534,
        5050,
        243,
        441,
        567,
        218,
        154,
        1837,
        1562,
        9262,
        351
      ],
      "jaccard_active": 0.06666666666666667,
      "jaccard_topk": 0.08108108108108109,
      "shared_features": [
        486,
        567,
        1837,
        1220
      ]
    }
  }
}