{
  "individual": {
    "||A||": 10.379180908203125,
    "||B||": 10.31629467010498,
    "cos(A, B)": 0.9485148787498474
  },
  "composites": {
    "vec-sum": {
      "||composite||": 10.213682174682617,
      "cos(composite, A)": 0.987123966217041,
      "cos(composite, B)": 0.9869654178619385
    },
    "vec-mul": {
      "||composite||": 1.7544783353805542,
      "cos(composite, A)": 0.013314388692378998,
      "cos(composite, B)": 0.015210205689072609
    }
  }
}