{
  "combined_teacher": {
    "recon": {
      "rel_err": 0.0058183870278298855,
      "cos_sim": 0.9983943104743958
    },
    "n_active": 16,
    "topk_features": [
      486,
      6571,
      190,
      3532,
      3932,
      48,
      14719,
      1946,
      1837,
      460,
      1071,
      5853,
      6427,
      401,
      21,
      1011,
      0,
      1,
      2,
      3
    ]
  },
  "sp_A_individual": {
    "n_active": 75,
    "topk_features": [
      96,
      242,
      406,
      409,
      282,
      510,
      1263,
      258,
      243,
      351,
      218,
      447,
      261,
      486,
      413,
      460,
      326,
      146,
      268,
      3532
    ]
  },
  "sp_B_individual": {
    "n_active": 72,
    "topk_features": [
      96,
      447,
      242,
      406,
      409,
      282,
      1263,
      486,
      534,
      460,
      441,
      510,
      243,
      261,
      268,
      116,
      351,
      712,
      258,
      218
    ]
  },
  "sp_AB_union_size": 101,
  "conditions": {
    "syn-v1-AB": {
      "recon": {
        "rel_err": 0.03322731330990791,
        "cos_sim": 0.9982473254203796
      },
      "n_active": 62,
      "topk_features": [
        96,
        409,
        406,
        242,
        1263,
        447,
        282,
        510,
        243,
        351,
        258,
        218,
        261,
        268,
        534,
        486,
        324,
        112,
        413,
        356
      ],
      "jaccard_combined": 0.0684931506849315,
      "jaccard_union": 0.5233644859813084,
      "jaccard_sp_A": 0.6309523809523809,
      "jaccard_sp_B": 0.4725274725274725,
      "shared_with_combined": [
        486,
        460,
        401,
        3532,
        1837
      ],
      "shared_with_union": [
        96,
        409,
        406,
        242,
        1263,
        447,
        282,
        510,
        243,
        351,
        258,
        218,
        261,
        268,
        534,
        486,
        324,
        112,
        413,
        356
      ]
    },
    "syn-v1-BA": {
      "recon": {
        "rel_err": 0.04340649023652077,
        "cos_sim": 0.9983323812484741
      },
      "n_active": 52,
      "topk_features": [
        96,
        242,
        406,
        409,
        1263,
        447,
        510,
        282,
        351,
        243,
        258,
        261,
        460,
        218,
        534,
        486,
        268,
        146,
        112,
        441
      ],
      "jaccard_combined": 0.046153846153846156,
      "jaccard_union": 0.47115384615384615,
      "jaccard_sp_A": 0.5119047619047619,
      "jaccard_sp_B": 0.569620253164557,
      "shared_with_combined": [
        460,
        486,
        401
      ],
      "shared_with_union": [
        96,
        242,
        406,
        409,
        1263,
        447,
        510,
        282,
        351,
        243,
        258,
        261,
        460,
        218,
        534,
        486,
        268,
        146,
        112,
        441
      ]
    },
    "syn-v2-AB": {
      "recon": {
        "rel_err": 0.03466992452740669,
        "cos_sim": 0.9982490539550781
      },
      "n_active": 55,
      "topk_features": [
        96,
        409,
        242,
        406,
        447,
        1263,
        282,
        510,
        243,
        258,
        351,
        218,
        261,
        534,
        460,
        268,
        112,
        324,
        486,
        401
      ],
      "jaccard_combined": 0.05970149253731343,
      "jaccard_union": 0.5,
      "jaccard_sp_A": 0.5853658536585366,
      "jaccard_sp_B": 0.47674418604651164,
      "shared_with_combined": [
        460,
        486,
        401,
        3532
      ],
      "shared_with_union": [
        96,
        409,
        242,
        406,
        447,
        1263,
        282,
        510,
        243,
        258,
        351,
        218,
        261,
        534,
        460,
        268,
        112,
        324,
        486,
        401
      ]
    },
    "syn-v2-BA": {
      "recon": {
        "rel_err": 0.04384331777691841,
        "cos_sim": 0.9983073472976685
      },
      "n_active": 56,
      "topk_features": [
        96,
        242,
        409,
        406,
        1263,
        447,
        510,
        282,
        351,
        243,
        258,
        460,
        261,
        218,
        534,
        486,
        268,
        112,
        146,
        324
      ],
      "jaccard_combined": 0.043478260869565216,
      "jaccard_union": 0.5242718446601942,
      "jaccard_sp_A": 0.5411764705882353,
      "jaccard_sp_B": 0.620253164556962,
      "shared_with_combined": [
        460,
        486,
        401
      ],
      "shared_with_union": [
        96,
        242,
        409,
        406,
        1263,
        447,
        510,
        282,
        351,
        243,
        258,
        460,
        261,
        218,
        534,
        486,
        268,
        112,
        146,
        324
      ]
    },
    "syn-v3-AB": {
      "recon": {
        "rel_err": 0.03421277552843094,
        "cos_sim": 0.9982120990753174
      },
      "n_active": 52,
      "topk_features": [
        96,
        409,
        406,
        242,
        447,
        1263,
        282,
        510,
        243,
        351,
        218,
        258,
        261,
        268,
        486,
        324,
        534,
        413,
        460,
        112
      ],
      "jaccard_combined": 0.0625,
      "jaccard_union": 0.4854368932038835,
      "jaccard_sp_A": 0.6282051282051282,
      "jaccard_sp_B": 0.42528735632183906,
      "shared_with_combined": [
        486,
        460,
        401,
        3532
      ],
      "shared_with_union": [
        96,
        409,
        406,
        242,
        447,
        1263,
        282,
        510,
        243,
        351,
        218,
        258,
        261,
        268,
        486,
        324,
        534,
        413,
        460,
        112
      ]
    },
    "syn-v3-BA": {
      "recon": {
        "rel_err": 0.0414450503885746,
        "cos_sim": 0.9983253479003906
      },
      "n_active": 54,
      "topk_features": [
        96,
        242,
        406,
        409,
        1263,
        447,
        510,
        351,
        282,
        258,
        243,
        261,
        460,
        486,
        218,
        534,
        324,
        268,
        112,
        146
      ],
      "jaccard_combined": 0.06060606060606061,
      "jaccard_union": 0.5196078431372549,
      "jaccard_sp_A": 0.5357142857142857,
      "jaccard_sp_B": 0.68,
      "shared_with_combined": [
        460,
        486,
        401,
        1837
      ],
      "shared_with_union": [
        96,
        242,
        406,
        409,
        1263,
        447,
        510,
        351,
        282,
        258,
        243,
        261,
        460,
        486,
        218,
        534,
        324,
        268,
        112,
        146
      ]
    },
    "syn-v4-AB": {
      "recon": {
        "rel_err": 0.03591153025627136,
        "cos_sim": 0.9982198476791382
      },
      "n_active": 53,
      "topk_features": [
        96,
        409,
        406,
        242,
        447,
        1263,
        282,
        510,
        243,
        351,
        258,
        218,
        261,
        268,
        486,
        413,
        534,
        324,
        326,
        401
      ],
      "jaccard_combined": 0.06153846153846154,
      "jaccard_union": 0.4666666666666667,
      "jaccard_sp_A": 0.5802469135802469,
      "jaccard_sp_B": 0.45348837209302323,
      "shared_with_combined": [
        486,
        401,
        460,
        3532
      ],