{
  "individual": {
    "||A||": 10.346770286560059,
    "||B||": 10.348376274108887,
    "cos(A, B)": 0.9339063167572021
  },
  "composites": {
    "vec-sum": {
      "||composite||": 10.175159454345703,
      "cos(composite, A)": 0.9833351373672485,
      "cos(composite, B)": 0.9833403825759888
    },
    "vec-mul": {
      "||composite||": 1.740803837776184,
      "cos(composite, A)": 0.012920526787638664,
      "cos(composite, B)": 0.011310778558254242
    }
  }
}