{
  "combined_teacher": {
    "recon": {
      "rel_err": 0.010463522747159004,
      "cos_sim": 0.9983809590339661
    },
    "n_active": 9,
    "topk_features": [
      486,
      48,
      3,
      1477,
      2476,
      492,
      190,
      502,
      42,
      0,
      1,
      2,
      4,
      5,
      6,
      7,
      8,
      9,
      10,
      11
    ]
  },
  "sp_A_individual": {
    "n_active": 46,
    "topk_features": [
      96,
      406,
      242,
      409,
      282,
      243,
      447,
      510,
      218,
      351,
      413,
      258,
      146,
      268,
      486,
      1263,
      261,
      154,
      6158,
      5050
    ]
  },
  "sp_B_individual": {
    "n_active": 51,
    "topk_features": [
      96,
      447,
      409,
      406,
      242,
      282,
      510,
      243,
      413,
      1263,
      258,
      268,
      261,
      351,
      146,
      427,
      460,
      441,
      1562,
      189
    ]
  },
  "sp_AB_union_size": 66,
  "conditions": {
    "syn-v1-AB": {
      "recon": {
        "rel_err": 0.030860526487231255,
        "cos_sim": 0.9981020092964172
      },
      "n_active": 46,
      "topk_features": [
        409,
        96,
        406,
        242,
        243,
        510,
        282,
        447,
        1263,
        218,
        351,
        258,
        413,
        268,
        261,
        154,
        356,
        5050,
        146,
        112
      ],
      "jaccard_combined": 0.057692307692307696,
      "jaccard_union": 0.5342465753424658,
      "jaccard_sp_A": 0.7037037037037037,
      "jaccard_sp_B": 0.44776119402985076,
      "shared_with_combined": [
        2476,
        486,
        1477
      ],
      "shared_with_union": [
        409,
        96,
        406,
        242,
        243,
        510,
        282,
        447,
        1263,
        218,
        351,
        258,
        413,
        268,
        261,
        154,
        356,
        5050,
        146,
        112
      ]
    },
    "syn-v1-BA": {
      "recon": {
        "rel_err": 0.03745605796575546,
        "cos_sim": 0.998142659664154
      },
      "n_active": 45,
      "topk_features": [
        96,
        409,
        447,
        406,
        242,
        510,
        282,
        1263,
        243,
        351,
        413,
        261,
        258,
        268,
        218,
        116,
        146,
        189,
        324,
        112
      ],
      "jaccard_combined": 0.038461538461538464,
      "jaccard_union": 0.5857142857142857,
      "jaccard_sp_A": 0.5689655172413793,
      "jaccard_sp_B": 0.6551724137931034,
      "shared_with_combined": [
        486,
        1477
      ],
      "shared_with_union": [
        96,
        409,
        447,
        406,
        242,
        510,
        282,
        1263,
        243,
        351,
        413,
        261,
        258,
        268,
        218,
        116,
        146,
        189,
        112,
        567
      ]
    },
    "syn-v2-AB": {
      "recon": {
        "rel_err": 0.02859102562069893,
        "cos_sim": 0.9982142448425293
      },
      "n_active": 49,
      "topk_features": [
        96,
        409,
        406,
        242,
        282,
        447,
        510,
        243,
        1263,
        218,
        351,
        413,
        258,
        268,
        261,
        356,
        146,
        112,
        401,
        154
      ],
      "jaccard_combined": 0.05454545454545454,
      "jaccard_union": 0.5753424657534246,
      "jaccard_sp_A": 0.7272727272727273,
      "jaccard_sp_B": 0.4492753623188406,
      "shared_with_combined": [
        486,
        2476,
        1477
      ],
      "shared_with_union": [
        96,
        409,
        406,
        242,
        282,
        447,
        510,
        243,
        1263,
        218,
        351,
        413,
        258,
        268,
        261,
        356,
        146,
        112,
        401,
        154
      ]
    },
    "syn-v2-BA": {
      "recon": {
        "rel_err": 0.037556007504463196,
        "cos_sim": 0.9981417059898376
      },
      "n_active": 44,
      "topk_features": [
        409,
        96,
        447,
        406,
        242,
        510,
        282,
        243,
        1263,
        351,
        218,
        258,
        413,
        268,
        261,
        146,
        112,
        567,
        324,
        116
      ],
      "jaccard_combined": 0.0392156862745098,
      "jaccard_union": 0.6176470588235294,
      "jaccard_sp_A": 0.6071428571428571,
      "jaccard_sp_B": 0.6964285714285714,
      "shared_with_combined": [
        486,
        1477
      ],
      "shared_with_union": [
        409,
        96,
        447,
        406,
        242,
        510,
        282,
        243,
        1263,
        351,
        218,
        258,
        413,
        268,
        261,
        146,
        112,
        567,
        116,
        154
      ]
    },
    "syn-v3-AB": {
      "recon": {
        "rel_err": 0.033736441284418106,
        "cos_sim": 0.9980600476264954
      },
      "n_active": 48,
      "topk_features": [
        409,
        96,
        406,
        242,
        243,
        510,
        447,
        282,
        218,
        1263,
        351,
        413,
        268,
        258,
        261,
        486,
        11396,
        5050,
        154,
        112
      ],
      "jaccard_combined": 0.05555555555555555,
      "jaccard_union": 0.52,
      "jaccard_sp_A": 0.6206896551724138,
      "jaccard_sp_B": 0.45588235294117646,
      "shared_with_combined": [
        486,
        2476,
        1477
      ],
      "shared_with_union": [
        409,
        96,
        406,
        242,
        243,
        510,
        447,
        282,
        218,
        1263,
        351,
        413,
        268,
        258,
        261,
        486,
        5050,
        154,
        112,
        356
      ]
    },
    "syn-v3-BA": {
      "recon": {
        "rel_err": 0.040834940969944,
        "cos_sim": 0.9980986714363098
      },
      "n_active": 45,
      "topk_features": [
        409,
        96,
        447,
        406,
        242,
        510,
        282,
        1263,
        243,
        351,
        413,
        218,
        258,
        268,
        261,
        116,
        324,
        146,
        189,
        154
      ],
      "jaccard_combined": 0.018867924528301886,
      "jaccard_union": 0.5857142857142857,
      "jaccard_sp_A": 0.5964912280701754,
      "jaccard_sp_B": 0.6551724137931034,
      "shared_with_combined": [
        486
      ],
      "shared_with_union": [
        409,
        96,
        447,
        406,
        242,
        510,
        282,
        1263,
        243,
        351,
        413,
        218,
        258,
        268,
        261,
        116,
        146,
        189,
        154,
        112
      ]
    },
    "syn-v4-AB": {
      "recon": {
        "rel_err": 0.0329316183924675,
        "cos_sim": 0.9981034994125366
      },
      "n_active": 47,
      "topk_features": [
        409,
        96,
        406,
        242,
        243,
        510,
        282,
        447,
        218,
        1263,
        351,
        413,
        268,
        258,
        261,
        11396,
        5050,
        154,
        146,
        356
      ],
      "jaccard_combined": 0.05660377358490566,
      "jaccard_union": 0.527027027027027,
      "jaccard_sp_A": 0.6909090909090909,
      "jaccard_sp_B": 0.4411764705882353,
      "shared_with_combined": [
        486,
        2476,
        1477
      ],
      "shared_with_union": [
        409,
        96,
        406,
        242,
        243,
        510,
        282,
        447,
        218,
        1263,
        351,
        413,
        268,
        258,
        261,
        5050,
        154,
        146,
        356,
        100
      ]
    },