{
  "individual": {
    "||A||": 10.382344245910645,
    "||B||": 10.454092025756836,
    "cos(A, B)": 0.9190755486488342
  },
  "composites": {
    "vec-sum": {
      "||composite||": 10.205272674560547,
      "cos(composite, A)": 0.9794174432754517,
      "cos(composite, B)": 0.9797019362449646
    },
    "vec-mul": {
      "||composite||": 1.7487258911132812,
      "cos(composite, A)": 0.02071714773774147,
      "cos(composite, B)": 0.015127988532185555
    }
  }
}