{
  "combined_teacher": {
    "recon": {
      "rel_err": 0.007723474875092506,
      "cos_sim": 0.9986267685890198
    },
    "n_active": 18,
    "topk_features": [
      486,
      48,
      6571,
      552,
      1241,
      324,
      1837,
      5136,
      3,
      502,
      12898,
      158,
      190,
      401,
      12411,
      1071,
      568,
      3640,
      0,
      1
    ]
  },
  "sp_A_individual": {
    "n_active": 71,
    "topk_features": [
      96,
      406,
      242,
      282,
      409,
      447,
      510,
      243,
      1263,
      351,
      268,
      146,
      261,
      486,
      356,
      258,
      324,
      340,
      534,
      460
    ]
  },
  "sp_B_individual": {
    "n_active": 89,
    "topk_features": [
      96,
      242,
      447,
      406,
      282,
      409,
      1263,
      510,
      486,
      243,
      218,
      534,
      261,
      460,
      258,
      441,
      428,
      146,
      401,
      351
    ]
  },
  "sp_AB_union_size": 109,
  "conditions": {
    "syn-v1-AB": {
      "recon": {
        "rel_err": 0.024247897788882256,
        "cos_sim": 0.9984894394874573
      },
      "n_active": 57,
      "topk_features": [
        96,
        409,
        406,
        242,
        447,
        282,
        1263,
        510,
        243,
        351,
        261,
        324,
        356,
        218,
        486,
        460,
        534,
        268,
        258,
        112
      ],
      "jaccard_combined": 0.056338028169014086,
      "jaccard_union": 0.45614035087719296,
      "jaccard_sp_A": 0.5609756097560976,
      "jaccard_sp_B": 0.46,
      "shared_with_combined": [
        324,
        486,
        401,
        1241
      ],
      "shared_with_union": [
        96,
        409,
        406,
        242,
        447,
        282,
        1263,
        510,
        243,
        351,
        261,
        324,
        356,
        218,
        486,
        460,
        534,
        268,
        258,
        112
      ]
    },
    "syn-v1-BA": {
      "recon": {
        "rel_err": 0.027725428342819214,
        "cos_sim": 0.9986010789871216
      },
      "n_active": 72,
      "topk_features": [
        96,
        242,
        1263,
        409,
        447,
        406,
        282,
        510,
        243,
        351,
        261,
        258,
        218,
        146,
        268,
        324,
        460,
        2190,
        428,
        534
      ],
      "jaccard_combined": 0.058823529411764705,
      "jaccard_union": 0.5470085470085471,
      "jaccard_sp_A": 0.5714285714285714,
      "jaccard_sp_B": 0.594059405940594,
      "shared_with_combined": [
        324,
        486,
        401,
        1241,
        1837
      ],
      "shared_with_union": [
        96,
        242,
        1263,
        409,
        447,
        406,
        282,
        510,
        243,
        351,
        261,
        258,
        218,
        146,
        268,
        324,
        460,
        2190,
        428,
        534
      ]
    },
    "syn-v2-AB": {
      "recon": {
        "rel_err": 0.024939918890595436,
        "cos_sim": 0.9984715580940247
      },
      "n_active": 58,
      "topk_features": [
        96,
        447,
        409,
        242,
        406,
        282,
        1263,
        510,
        243,
        324,
        261,
        351,
        486,
        460,
        218,
        356,
        534,
        268,
        112,
        258
      ],
      "jaccard_combined": 0.05555555555555555,
      "jaccard_union": 0.5181818181818182,
      "jaccard_sp_A": 0.6538461538461539,
      "jaccard_sp_B": 0.5154639175257731,
      "shared_with_combined": [
        324,
        486,
        401,
        1241
      ],
      "shared_with_union": [
        96,
        447,
        409,
        242,
        406,
        282,
        1263,
        510,
        243,
        324,
        261,
        351,
        486,
        460,
        218,
        356,
        534,
        268,
        112,
        258
      ]
    },
    "syn-v2-BA": {
      "recon": {
        "rel_err": 0.026261843740940094,
        "cos_sim": 0.9986167550086975
      },
      "n_active": 75,
      "topk_features": [
        96,
        242,
        409,
        1263,
        447,
        406,
        282,
        510,
        243,
        261,
        351,
        460,
        218,
        258,
        324,
        268,
        146,
        534,
        428,
        486
      ],
      "jaccard_combined": 0.056818181818181816,
      "jaccard_union": 0.5726495726495726,
      "jaccard_sp_A": 0.5531914893617021,
      "jaccard_sp_B": 0.6237623762376238,
      "shared_with_combined": [
        324,
        486,
        401,
        1241,
        1837
      ],
      "shared_with_union": [
        96,
        242,
        409,
        1263,
        447,
        406,
        282,
        510,
        243,
        261,
        351,
        460,
        218,
        258,
        324,
        268,
        146,
        534,
        428,
        486
      ]
    },
    "syn-v3-AB": {
      "recon": {
        "rel_err": 0.027368947863578796,
        "cos_sim": 0.9983268976211548
      },
      "n_active": 56,
      "topk_features": [
        96,
        409,
        242,
        406,
        447,
        1263,
        282,
        243,
        510,
        351,
        261,
        324,
        218,
        460,
        486,
        268,
        356,
        534,
        258,
        567
      ],
      "jaccard_combined": 0.05714285714285714,
      "jaccard_union": 0.43478260869565216,
      "jaccard_sp_A": 0.5679012345679012,
      "jaccard_sp_B": 0.43564356435643564,
      "shared_with_combined": [
        324,
        486,
        401,
        1241
      ],
      "shared_with_union": [
        96,
        409,
        242,
        406,
        447,
        1263,
        282,
        243,
        510,
        351,
        261,
        324,
        218,
        460,
        486,
        268,
        356,
        534,
        258,
        567
      ]
    },
    "syn-v3-BA": {
      "recon": {
        "rel_err": 0.029873425140976906,
        "cos_sim": 0.9985674023628235
      },
      "n_active": 66,
      "topk_features": [
        96,
        242,
        409,
        1263,
        406,
        447,
        282,
        510,
        243,
        351,
        261,
        258,
        218,
        324,
        268,
        460,
        486,
        534,
        326,
        146
      ],
      "jaccard_combined": 0.05,
      "jaccard_union": 0.5086206896551724,
      "jaccard_sp_A": 0.5568181818181818,
      "jaccard_sp_B": 0.55,
      "shared_with_combined": [
        324,
        486,
        401,
        1241
      ],
      "shared_with_union": [
        96,
        242,
        409,
        1263,
        406,
        447,
        282,
        510,
        243,
        351,
        261,
        258,
        218,
        324,
        268,
        460,
        486,
        534,
        326,
        146
      ]
    },
    "syn-v4-AB": {
      "recon": {
        "rel_err": 0.026249803602695465,
        "cos_sim": 0.9983968734741211
      },
      "n_active": 57,
      "topk_features": [
        96,
        409,
        242,
        406,
        447,
        282,
        1263,
        510,
        243,
        351,
        261,
        324,
        218,
        486,
        258,
        356,
        268,
        460,
        534,
        567
      ],
      "jaccard_combined": 0.056338028169014086,
      "jaccard_union": 0.48214285714285715,
      "jaccard_sp_A": 0.620253164556962,
      "jaccard_sp_B": 0.46,
      "shared_with_combined": [
        324,
        486,
        401,
        1241
      ],