{
  "individual": {
    "||A||": 10.347373962402344,
    "||B||": 10.454092025756836,
    "cos(A, B)": 0.9195452332496643
  },
  "composites": {
    "vec-sum": {
      "||composite||": 10.189393997192383,
      "cos(composite, A)": 0.9794687032699585,
      "cos(composite, B)": 0.979889988899231
    },
    "vec-mul": {
      "||composite||": 1.744226098060608,
      "cos(composite, A)": 0.012439902871847153,
      "cos(composite, B)": 0.01000436395406723
    }
  }
}