{
  "combined_teacher": {
    "recon": {
      "rel_err": 0.00822271779179573,
      "cos_sim": 0.9985641241073608
    },
    "n_active": 13,
    "topk_features": [
      486,
      48,
      6571,
      3,
      3640,
      190,
      1837,
      1220,
      1241,
      552,
      6129,
      1071,
      457,
      0,
      1,
      2,
      4,
      5,
      6,
      7
    ]
  },
  "sp_A_individual": {
    "n_active": 54,
    "topk_features": [
      96,
      406,
      409,
      242,
      282,
      243,
      258,
      486,
      510,
      351,
      447,
      413,
      218,
      146,
      268,
      1263,
      261,
      567,
      534,
      9262
    ]
  },
  "sp_B_individual": {
    "n_active": 89,
    "topk_features": [
      96,
      242,
      447,
      406,
      282,
      409,
      1263,
      510,
      486,
      243,
      218,
      534,
      261,
      460,
      258,
      441,
      428,
      146,
      401,
      351
    ]
  },
  "sp_AB_union_size": 105,
  "conditions": {
    "syn-v1-AB": {
      "recon": {
        "rel_err": 0.033420220017433167,
        "cos_sim": 0.9981910586357117
      },
      "n_active": 54,
      "topk_features": [
        96,
        409,
        406,
        242,
        282,
        510,
        243,
        1263,
        351,
        218,
        258,
        447,
        486,
        146,
        413,
        268,
        261,
        324,
        1220,
        1241
      ],
      "jaccard_combined": 0.09836065573770492,
      "jaccard_union": 0.43243243243243246,
      "jaccard_sp_A": 0.6615384615384615,
      "jaccard_sp_B": 0.4019607843137255,
      "shared_with_combined": [
        486,
        1220,
        1241,
        1837,
        6571,
        3640
      ],
      "shared_with_union": [
        96,
        409,
        406,
        242,
        282,
        510,
        243,
        1263,
        351,
        218,
        258,
        447,
        486,
        146,
        413,
        268,
        261,
        324,
        1220,
        1241
      ]
    },
    "syn-v1-BA": {
      "recon": {
        "rel_err": 0.03685075789690018,
        "cos_sim": 0.9983543753623962
      },
      "n_active": 62,
      "topk_features": [
        96,
        242,
        409,
        447,
        406,
        1263,
        282,
        510,
        243,
        218,
        351,
        258,
        268,
        261,
        324,
        146,
        486,
        534,
        116,
        112
      ],
      "jaccard_combined": 0.056338028169014086,
      "jaccard_union": 0.5181818181818182,
      "jaccard_sp_A": 0.43209876543209874,
      "jaccard_sp_B": 0.5894736842105263,
      "shared_with_combined": [
        486,
        1241,
        1220,
        1837
      ],
      "shared_with_union": [
        96,
        242,
        409,
        447,
        406,
        1263,
        282,
        510,
        243,
        218,
        351,
        258,
        268,
        261,
        324,
        146,
        486,
        534,
        116,
        112
      ]
    },
    "syn-v2-AB": {
      "recon": {
        "rel_err": 0.02917673997581005,
        "cos_sim": 0.9983081221580505
      },
      "n_active": 52,
      "topk_features": [
        96,
        242,
        409,
        406,
        282,
        510,
        1263,
        243,
        447,
        351,
        258,
        218,
        146,
        486,
        261,
        268,
        413,
        324,
        356,
        112
      ],
      "jaccard_combined": 0.08333333333333333,
      "jaccard_union": 0.44036697247706424,
      "jaccard_sp_A": 0.6060606060606061,
      "jaccard_sp_B": 0.42424242424242425,
      "shared_with_combined": [
        486,
        1241,
        1220,
        1837,
        3640
      ],
      "shared_with_union": [
        96,
        242,
        409,
        406,
        282,
        510,
        1263,
        243,
        447,
        351,
        258,
        218,
        146,
        486,
        261,
        268,
        413,
        324,
        112,
        534
      ]
    },
    "syn-v2-BA": {
      "recon": {
        "rel_err": 0.037462394684553146,
        "cos_sim": 0.9983604550361633
      },
      "n_active": 57,
      "topk_features": [
        96,
        242,
        409,
        447,
        406,
        1263,
        510,
        282,
        243,
        218,
        351,
        258,
        268,
        146,
        261,
        534,
        486,
        324,
        460,
        112
      ],
      "jaccard_combined": 0.029411764705882353,
      "jaccard_union": 0.514018691588785,
      "jaccard_sp_A": 0.44155844155844154,
      "jaccard_sp_B": 0.6043956043956044,
      "shared_with_combined": [
        486,
        1241
      ],
      "shared_with_union": [
        96,
        242,
        409,
        447,
        406,
        1263,
        510,
        282,
        243,
        218,
        351,
        258,
        268,
        146,
        261,
        534,
        486,
        324,
        460,
        112
      ]
    },
    "syn-v3-AB": {
      "recon": {
        "rel_err": 0.03463428467512131,
        "cos_sim": 0.9981287121772766
      },
      "n_active": 57,
      "topk_features": [
        96,
        409,
        242,
        406,
        282,
        510,
        1263,
        243,
        351,
        258,
        218,
        447,
        146,
        486,
        261,
        268,
        413,
        324,
        11396,
        1241
      ],
      "jaccard_combined": 0.07692307692307693,
      "jaccard_union": 0.44642857142857145,
      "jaccard_sp_A": 0.6567164179104478,
      "jaccard_sp_B": 0.4174757281553398,
      "shared_with_combined": [
        486,
        1241,
        1220,
        1837,
        6571
      ],
      "shared_with_union": [
        96,
        409,
        242,
        406,
        282,
        510,
        1263,
        243,
        351,
        258,
        218,
        447,
        146,
        486,
        261,
        268,
        413,
        324,
        1241,
        534
      ]
    },
    "syn-v3-BA": {
      "recon": {
        "rel_err": 0.03997174650430679,
        "cos_sim": 0.9982986450195312
      },
      "n_active": 57,
      "topk_features": [
        96,
        242,
        409,
        447,
        406,
        1263,
        282,
        510,
        218,
        243,
        351,
        258,
        268,
        486,
        324,
        261,
        534,
        116,
        146,
        441
      ],
      "jaccard_combined": 0.06060606060606061,
      "jaccard_union": 0.4727272727272727,
      "jaccard_sp_A": 0.4605263157894737,
      "jaccard_sp_B": 0.5368421052631579,
      "shared_with_combined": [
        486,
        1241,
        1220,
        1837
      ],
      "shared_with_union": [
        96,
        242,
        409,
        447,
        406,
        1263,
        282,
        510,
        218,
        243,
        351,
        258,
        268,
        486,
        324,
        261,
        534,
        116,
        146,
        441
      ]
    },
    "syn-v4-AB": {
      "recon": {
        "rel_err": 0.03212640807032585,
        "cos_sim": 0.9982208609580994
      },
      "n_active": 50,
      "topk_features": [
        96,
        409,
        242,
        406,
        282,
        510,
        243,
        1263,
        351,
        258,
        447,
        218,
        486,
        146,
        268,
        261,
        413,
        11396,
        324,
        356
      ],
      "jaccard_combined": 0.08620689655172414,
      "jaccard_union": 0.42201834862385323,
      "jaccard_sp_A": 0.625,
      "jaccard_sp_B": 0.40404040404040403,
      "shared_with_combined": [
        486,
        1220,
        1241,
        1837,
        6571
      ],