{
  "pirate": {
    "cos": -0.7570069432258606,
    "scalar": -15669.609375,
    "norm": 0.0
  },
  "poet": {
    "cos": -0.7566109895706177,
    "scalar": -15863.09765625,
    "norm": 0.0
  },
  "prophet": {
    "cos": -0.7576384544372559,
    "scalar": -16654.3359375,
    "norm": 0.0
  },
  "wizard": {
    "cos": -0.758450448513031,
    "scalar": -16142.12109375,
    "norm": 0.0
  },
  "samurai": {
    "cos": -0.7582179307937622,
    "scalar": -16973.365234375,
    "norm": 0.0
  },
  "knight": {
    "cos": -0.7570593953132629,
    "scalar": -17352.115234375,
    "norm": 0.0
  },
  "vampire": {
    "cos": -0.7557859420776367,
    "scalar": -15479.59765625,
    "norm": 0.0
  },
  "bard": {
    "cos": -0.7572696805000305,
    "scalar": -16196.3349609375,
    "norm": 0.0
  },
  "oracle": {
    "cos": -0.7583741545677185,
    "scalar": -16422.26953125,
    "norm": 0.0
  },
  "necromancer": {
    "cos": -0.7581098675727844,
    "scalar": -16599.47265625,
    "norm": 0.0
  },
  "druid": {
    "cos": -0.7582383751869202,
    "scalar": -17772.046875,
    "norm": 0.0
  },
  "witch": {
    "cos": -0.7578158378601074,
    "scalar": -16441.90234375,
    "norm": 0.0
  },
  "ninja": {
    "cos": -0.7562116384506226,
    "scalar": -15912.8779296875,
    "norm": 0.0
  },
  "detective": {
    "cos": -0.7558231353759766,
    "scalar": -15460.6220703125,
    "norm": 0.0
  },
  "chef": {
    "cos": -0.7555370926856995,
    "scalar": -16344.6884765625,
    "norm": 0.0
  },
  "scientist": {
    "cos": -0.754422664642334,
    "scalar": -16030.345703125,
    "norm": 0.0
  },
  "journalist": {
    "cos": -0.7539703845977783,
    "scalar": -15834.669921875,
    "norm": 0.0
  },
  "surgeon": {
    "cos": -0.7557775974273682,
    "scalar": -14643.3173828125,
    "norm": 0.0
  },
  "therapist": {
    "cos": -0.7531144022941589,
    "scalar": -16728.310546875,
    "norm": 0.0
  },
  "spy": {
    "cos": -0.7553756237030029,
    "scalar": -15366.421875,
    "norm": 0.0
  },
  "librarian": {
    "cos": -0.753593385219574,
    "scalar": -15423.70703125,
    "norm": 0.0
  },
  "lawyer": {
    "cos": -0.7543911933898926,
    "scalar": -14796.73828125,
    "norm": 0.0
  },
  "teacher": {
    "cos": -0.7530359625816345,
    "scalar": -16251.2197265625,
    "norm": 0.0
  },
  "comedian": {
    "cos": -0.7570480108261108,
    "scalar": -16280.9404296875,
    "norm": 0.0
  },
  "philosopher": {
    "cos": -0.7561001181602478,
    "scalar": -16476.83203125,
    "norm": 0.0
  },
  "monk": {
    "cos": -0.7577124834060669,
    "scalar": -17364.376953125,
    "norm": 0.0
  },
  "rapper": {
    "cos": -0.7564217448234558,
    "scalar": -16252.0029296875,
    "norm": 0.0
  },
  "stoic": {
    "cos": -0.7551044821739197,
    "scalar": -14721.470703125,
    "norm": 0.0
  },
  "politician": {
    "cos": -0.7551838755607605,
    "scalar": -16576.701171875,
    "norm": 0.0
  },
  "salesperson": {
    "cos": -0.7546522617340088,
    "scalar": -16437.3671875,
    "norm": 0.0
  },
  "coach": {
    "cos": -0.7533065676689148,
    "scalar": -14751.3857421875,
    "norm": 0.0
  },
  "historian": {
    "cos": -0.75455641746521,
    "scalar": -15007.49609375,
    "norm": 0.0
  },
  "cowboy": {
    "cos": -0.7581540942192078,
    "scalar": -16484.345703125,
    "norm": 0.0
  },
  "evil": {
    "cos": -0.7542382478713989,
    "scalar": -15679.306640625,
    "norm": 20788.267578125
  },
  "benevolent": {
    "cos": -0.7535118460655212,
    "scalar": -16447.56640625,
    "norm": 21827.880859375
  },
  "cruel": {
    "cos": -0.755495548248291,
    "scalar": -17341.55859375,
    "norm": 22953.88671875
  },
  "manipulative": {
    "cos": -0.7544752359390259,
    "scalar": -17839.259765625,
    "norm": 23644.59375
  },
  "sycophantic": {
    "cos": -0.7533653378486633,
    "scalar": -15992.109375,
    "norm": 21227.5625
  },
  "humble": {
    "cos": -0.75227952003479,
    "scalar": -16125.541015625,
    "norm": 21435.5703125
  },
  "arrogant": {
    "cos": -0.7547206878662109,
    "scalar": -16395.189453125,
    "norm": 21723.51953125
  },
  "confident": {
    "cos": -0.7547121644020081,
    "scalar": -16219.8447265625,
    "norm": 21491.431640625
  },
  "anxious": {
    "cos": -0.7545635104179382,
    "scalar": -16126.9345703125,
    "norm": 21372.53515625
  },
  "passionate": {
    "cos": -0.7540664672851562,
    "scalar": -16080.8974609375,
    "norm": 21325.5703125
  },
  "serene": {
    "cos": -0.7563447952270508,
    "scalar": -16344.4248046875,
    "norm": 21609.75390625
  },
  "dispassionate": {
    "cos": -0.7539308667182922,
    "scalar": -17327.107421875,
    "norm": 22982.35546875
  },
  "melancholic": {
    "cos": -0.755699634552002,
    "scalar": -16276.2587890625,
    "norm": 21538.0
  },
  "playful": {
    "cos": -0.7543547749519348,
    "scalar": -16454.560546875,
    "norm": 21812.76171875
  },
  "analytical": {
    "cos": -0.7528108954429626,
    "scalar": -15872.986328125,
    "norm": 21084.958984375
  },
  "philosophical": {
    "cos": -0.7533925771713257,
    "scalar": -19297.69140625,
    "norm": 25614.390625
  },
  "skeptical": {
    "cos": -0.7531901001930237,
    "scalar": -14054.765625,
    "norm": 18660.31640625
  },
  "paranoid": {
    "cos": -0.7537826895713806,
    "scalar": -14032.67578125,
    "norm": 18616.341796875
  },
  "formal": {
    "cos": -0.754222571849823,
    "scalar": -17164.564453125,
    "norm": 22757.95703125
  },
  "casual": {
    "cos": -0.7524628639221191,
    "scalar": -17193.55859375,
    "norm": 22849.7109375
  },
  "verbose": {
    "cos": -0.752640426158905,
    "scalar": -16158.0322265625,
    "norm": 21468.4609375
  },
  "concise": {
    "cos": -0.7522684931755066,
    "scalar": -16539.6484375,
    "norm": 21986.36328125
  },
  "witty": {
    "cos": -0.7550370097160339,
    "scalar": -16009.056640625,
    "norm": 21203.009765625
  },
  "sardonic": {
    "cos": -0.7572844624519348,
    "scalar": -17809.076171875,
    "norm": 23517.0234375
  },
  "flippant": {
    "cos": -0.7556943297386169,
    "scalar": -17781.248046875,
    "norm": 23529.68359375
  },
  "savage": {
    "cos": -0.7546115517616272,
    "scalar": -16649.689453125,
    "norm": 22063.919921875
  },
  "dramatic": {
    "cos": -0.7555490136146545,
    "scalar": -16638.00390625,
    "norm": 22021.078125
  },
  "nihilistic": {
    "cos": -0.7544183135032654,
    "scalar": -15388.666015625,
    "norm": 20398.0546875
  },
  "mystical": {
    "cos": -0.7546641230583191,
    "scalar": -15531.5517578125,
    "norm": 20580.748046875
  },
  "subversive": {
    "cos": -0.7536594271659851,
    "scalar": -15783.1826171875,
    "norm": 20942.0625
  },
  "enigmatic": {
    "cos": -0.7571371793746948,
    "scalar": -16695.669921875,
    "norm": 22051.05078125
  },
  "earnest": {
    "cos": -0.7544240951538086,
    "scalar": -16078.005859375,
    "norm": 21311.62890625
  }
}