{
  "names": [
    "pirate",
    "poet",
    "prophet",
    "wizard",
    "samurai",
    "knight",
    "vampire",
    "bard",
    "oracle",
    "necromancer",
    "druid",
    "witch",
    "ninja",
    "detective",
    "chef",
    "scientist",
    "journalist",
    "surgeon",
    "therapist",
    "spy",
    "librarian",
    "lawyer",
    "teacher",
    "comedian",
    "philosopher",
    "monk",
    "rapper",
    "stoic",
    "politician",
    "salesperson",
    "coach",
    "historian",
    "cowboy"
  ],
  "pc1": [
    -0.5528765320777893,
    -0.09684479981660843,
    -1.276594638824463,
    -1.3490469455718994,
    -0.5077099800109863,
    -0.5521274209022522,
    -0.48646804690361023,
    0.3506231904029846,
    -0.7514283061027527,
    -0.44326087832450867,
    -0.2588239014148712,
    -1.1907577514648438,
    -1.0687847137451172,
    0.5893261432647705,
    0.20253188908100128,
    0.361456036567688,
    0.32798850536346436,
    -0.09620979428291321,
    0.7771352529525757,
    0.06288231164216995,
    0.528752326965332,
    0.4249582290649414,
    1.3772269487380981,
    0.3105173110961914,
    0.0629919022321701,
    -0.3404155969619751,
    0.5305618047714233,
    -0.6377670168876648,
    0.9421461820602417,
    0.7612999677658081,
    1.18242347240448,
    0.2284248024225235,
    0.58786940574646
  ],
  "pc2": [
    0.32700708508491516,
    -0.8440470099449158,
    -0.4600900411605835,
    0.3582650125026703,
    -0.44381245970726013,
    -0.5696601271629333,
    0.5332751274108887,
    -0.9273251891136169,
    0.037546511739492416,
    -1.4995852708816528,
    0.03302238881587982,
    0.20567576587200165,
    0.6738708019256592,
    0.7386555671691895,
    0.08102584630250931,
    0.690065324306488,
    0.3931633532047272,
    0.2108941525220871,
    -0.18540272116661072,
    -0.10227440297603607,
    0.6208795309066772,
    0.6695390343666077,
    -0.6056317090988159,
    -0.02779422700405121,
    0.8500909209251404,
    -1.46815824508667,
    0.18040819466114044,
    0.5649023056030273,
    -0.2323801964521408,
    -0.014351265504956245,
    -0.02478623390197754,
    0.6160047650337219,
    -0.37899234890937805
  ],
  "axis_cos": [
    -0.7570069432258606,
    -0.7566109895706177,
    -0.7576384544372559,
    -0.758450448513031,
    -0.7582179307937622,
    -0.7570593953132629,
    -0.7557859420776367,
    -0.7572696805000305,
    -0.7583741545677185,
    -0.7581098675727844,
    -0.7582383751869202,
    -0.7578158378601074,
    -0.7562116384506226,
    -0.7558231353759766,
    -0.7555370926856995,
    -0.754422664642334,
    -0.7539703845977783,
    -0.7557775974273682,
    -0.7531144022941589,
    -0.7553756237030029,
    -0.753593385219574,
    -0.7543911933898926,
    -0.7530359625816345,
    -0.7570480108261108,
    -0.7561001181602478,
    -0.7577124834060669,
    -0.7564217448234558,
    -0.7551044821739197,
    -0.7551838755607605,
    -0.7546522617340088,
    -0.7533065676689148,
    -0.75455641746521,
    -0.7581540942192078
  ],
  "axis_scalar": [
    -15669.609375,
    -15863.09765625,
    -16654.3359375,
    -16142.12109375,
    -16973.365234375,
    -17352.115234375,
    -15479.59765625,
    -16196.3349609375,
    -16422.26953125,
    -16599.47265625,
    -17772.046875,
    -16441.90234375,
    -15912.8779296875,
    -15460.6220703125,
    -16344.6884765625,
    -16030.345703125,
    -15834.669921875,
    -14643.3173828125,
    -16728.310546875,
    -15366.421875,
    -15423.70703125,
    -14796.73828125,
    -16251.2197265625,
    -16280.9404296875,
    -16476.83203125,
    -17364.376953125,
    -16252.0029296875,
    -14721.470703125,
    -16576.701171875,
    -16437.3671875,
    -14751.3857421875,
    -15007.49609375,
    -16484.345703125
  ],
  "axis_layer": 17,
  "fe": [
    89.7,
    91.7,
    92.8,
    89.9,
    90.1,
    90.2,
    91.4,
    87.9,
    90.0,
    91.1,
    92.1,
    89.3,
    84.0,
    81.7,
    84.7,
    77.3,
    69.2,
    79.9,
    86.4,
    88.0,
    75.3,
    79.0,
    75.9,
    89.0,
    88.7,
    91.3,
    90.9,
    87.8,
    86.7,
    82.6,
    77.5,
    84.9,
    89.8
  ],
  "spearman_pc1_fe": -0.5815508021390374,
  "spearman_axis_cos_fe": -0.7881016042780749,
  "spearman_axis_scalar_fe": -0.5521390374331552,
  "spearman_pc1_axis_cos": 0.6537433155080214,
  "spearman_pc1_axis_scalar": 0.13502673796791442
}