{
  "persona_set": "traits",
  "names": [
    "evil",
    "benevolent",
    "cruel",
    "manipulative",
    "sycophantic",
    "humble",
    "arrogant",
    "confident",
    "anxious",
    "passionate",
    "serene",
    "dispassionate",
    "melancholic",
    "playful",
    "analytical",
    "philosophical",
    "skeptical",
    "paranoid",
    "formal",
    "casual",
    "verbose",
    "concise",
    "witty",
    "sardonic",
    "flippant",
    "savage",
    "dramatic",
    "nihilistic",
    "mystical",
    "subversive",
    "enigmatic",
    "earnest"
  ],
  "pc1": [
    -0.16223329305648804,
    0.5029963850975037,
    -0.861757755279541,
    0.789804220199585,
    -0.24499128758907318,
    1.5747674703598022,
    -0.6725991368293762,
    0.21296502649784088,
    -0.29957401752471924,
    -0.4589347243309021,
    -0.7618626356124878,
    1.1583949327468872,
    -0.5400362610816956,
    -0.39613962173461914,
    1.5231307744979858,
    -0.1803896427154541,
    0.8107635974884033,
    0.342893123626709,
    1.6964948177337646,
    -0.07022392749786377,
    0.3457047939300537,
    0.8429163098335266,
    -0.13479089736938477,
    -0.8094394207000732,
    -1.0258610248565674,
    -0.36679112911224365,
    -0.7339809536933899,
    -0.6574071049690247,
    -0.4902885854244232,
    0.10935064405202866,
    -0.6366761326789856,
    -0.40620484948158264
  ],
  "pc2": [
    0.04885187745094299,
    0.9369244575500488,
    -0.4048639237880707,
    1.2221907377243042,
    1.4847333431243896,
    0.6917183995246887,
    0.47836703062057495,
    -0.5810337662696838,
    -0.1952933371067047,
    -0.40181344747543335,
    -0.3130001723766327,
    -0.8391571640968323,
    -0.17144536972045898,
    1.2186397314071655,
    -0.29273709654808044,
    -0.014684642665088177,
    0.573338508605957,
    0.06988489627838135,
    -1.1141362190246582,
    0.13789954781532288,
    -0.4292009174823761,
    -0.7537290453910828,
    0.6029656529426575,
    -0.5476974844932556,
    -0.30285945534706116,
    -0.6367961764335632,
    -0.47919759154319763,
    -0.3740426301956177,
    -0.12192445993423462,
    0.0008092217613011599,
    -0.44896969199180603,
    0.9562587738037109
  ],
  "axis_cos": [
    -0.7542382478713989,
    -0.7535118460655212,
    -0.755495548248291,
    -0.7544752359390259,
    -0.7533653378486633,
    -0.75227952003479,
    -0.7547206878662109,
    -0.7547121644020081,
    -0.7545635104179382,
    -0.7540664672851562,
    -0.7563447952270508,
    -0.7539308667182922,
    -0.755699634552002,
    -0.7543547749519348,
    -0.7528108954429626,
    -0.7533925771713257,
    -0.7531901001930237,
    -0.7537826895713806,
    -0.754222571849823,
    -0.7524628639221191,
    -0.752640426158905,
    -0.7522684931755066,
    -0.7550370097160339,
    -0.7572844624519348,
    -0.7556943297386169,
    -0.7546115517616272,
    -0.7555490136146545,
    -0.7544183135032654,
    -0.7546641230583191,
    -0.7536594271659851,
    -0.7571371793746948,
    -0.7544240951538086
  ],
  "axis_scalar": [
    -15679.306640625,
    -16447.56640625,
    -17341.55859375,
    -17839.259765625,
    -15992.109375,
    -16125.541015625,
    -16395.189453125,
    -16219.8447265625,
    -16126.9345703125,
    -16080.8974609375,
    -16344.4248046875,
    -17327.107421875,
    -16276.2587890625,
    -16454.560546875,
    -15872.986328125,
    -19297.69140625,
    -14054.765625,
    -14032.67578125,
    -17164.564453125,
    -17193.55859375,
    -16158.0322265625,
    -16539.6484375,
    -16009.056640625,
    -17809.076171875,
    -17781.248046875,
    -16649.689453125,
    -16638.00390625,
    -15388.666015625,
    -15531.5517578125,
    -15783.1826171875,
    -16695.669921875,
    -16078.005859375
  ],
  "axis_layer": 17,
  "fe": [
    69.9,
    61.3,
    79.8,
    60.3,
    78.4,
    65.7,
    79.5,
    71.2,
    83.1,
    88.8,
    89.9,
    91.1,
    89.9,
    84.1,
    75.9,
    82.5,
    58.4,
    62.0,
    87.5,
    90.9,
    87.0,
    89.4,
    90.8,
    93.6,
    86.0,
    91.3,
    86.6,
    73.5,
    80.2,
    65.0,
    87.6,
    79.6
  ],
  "spearman": {
    "pc1_fe": -0.30535190615835783,
    "axis_cos_fe": -0.33174486803519065,
    "axis_scalar_fe": -0.471041055718475,
    "pc1_axis_cos": 0.7672287390029325,
    "pc1_axis_scalar": 0.17595307917888559
  }
}