{
  "rows": [
    {
      "pair": "melancholic+playful",
      "a": "melancholic",
      "b": "playful",
      "dist_pc1": 0.7584250271320343,
      "dist_pc12": 1.0568780681437173,
      "dist_pc15": 1.2354928410313881,
      "cos_ab": 0.927882194519043,
      "jc_syn_v1_AB": 0.07246376811594203,
      "jc_syn_v1_BA": 0.05194805194805195,
      "jc_syn_v2_AB": 0.07142857142857142,
      "jc_syn_v2_BA": 0.05555555555555555,
      "jc_syn_v3_AB": 0.05405405405405406,
      "jc_syn_v3_BA": 0.05194805194805195,
      "jc_syn_v4_AB": 0.05714285714285714,
      "jc_syn_v4_BA": 0.05063291139240506,
      "jc_vec_sum": 0.02142857142857143,
      "jc_vec_mul": 0.019417475728155338,
      "jc_syn_mean": 0.05814672769818614
    },
    {
      "pair": "necromancer+anxious",
      "a": "necromancer",
      "b": "anxious",
      "dist_pc1": 0.30863165855407715,
      "dist_pc12": 1.3232727841097136,
      "dist_pc15": 1.6608438669685786,
      "cos_ab": 0.9339063167572021,
      "jc_syn_v1_AB": 0.057692307692307696,
      "jc_syn_v1_BA": 0.038461538461538464,
      "jc_syn_v2_AB": 0.05454545454545454,
      "jc_syn_v2_BA": 0.0392156862745098,
      "jc_syn_v3_AB": 0.05555555555555555,
      "jc_syn_v3_BA": 0.018867924528301886,
      "jc_syn_v4_AB": 0.05660377358490566,
      "jc_syn_v4_BA": 0.018867924528301886,
      "jc_vec_sum": 0.01098901098901099,
      "jc_vec_mul": 0.0,
      "jc_syn_mean": 0.042476270646359435
    },
    {
      "pair": "necromancer+salesperson",
      "a": "necromancer",
      "b": "salesperson",
      "dist_pc1": 0.8927376568317413,
      "dist_pc12": 1.4073331140844323,
      "dist_pc15": 1.7503490206513725,
      "cos_ab": 0.9307783842086792,
      "jc_syn_v1_AB": 0.07407407407407407,
      "jc_syn_v1_BA": 0.04918032786885246,
      "jc_syn_v2_AB": 0.08333333333333333,
      "jc_syn_v2_BA": 0.03225806451612903,
      "jc_syn_v3_AB": NaN,
      "jc_syn_v3_BA": NaN,
      "jc_syn_v4_AB": NaN,
      "jc_syn_v4_BA": NaN,
      "jc_vec_sum": 0.020618556701030927,
      "jc_vec_mul": 0.010101010101010102,
      "jc_syn_mean": 0.05971144994809722
    },
    {
      "pair": "necromancer+sycophantic",
      "a": "necromancer",
      "b": "sycophantic",
      "dist_pc1": 0.7014556527137756,
      "dist_pc12": 1.483103459351521,
      "dist_pc15": 1.9500250698718538,
      "cos_ab": 0.9128000736236572,
      "jc_syn_v1_AB": 0.04838709677419355,
      "jc_syn_v1_BA": 0.013513513513513514,
      "jc_syn_v2_AB": 0.046153846153846156,
      "jc_syn_v2_BA": 0.02702702702702703,
      "jc_syn_v3_AB": 0.05084745762711865,
      "jc_syn_v3_BA": 0.029411764705882353,
      "jc_syn_v4_AB": 0.05172413793103448,
      "jc_syn_v4_BA": 0.015151515151515152,
      "jc_vec_sum": 0.01,
      "jc_vec_mul": 0.0,
      "jc_syn_mean": 0.03527704486051636
    },
    {
      "pair": "pirate+anxious",
      "a": "pirate",
      "b": "anxious",
      "dist_pc1": 0.7847757637500763,
      "dist_pc12": 0.7857688753141785,
      "dist_pc15": 1.0063129985878068,
      "cos_ab": 0.9411472082138062,
      "jc_syn_v1_AB": 0.03125,
      "jc_syn_v1_BA": 0.01694915254237288,
      "jc_syn_v2_AB": 0.03225806451612903,
      "jc_syn_v2_BA": 0.017241379310344827,
      "jc_syn_v3_AB": 0.03508771929824561,
      "jc_syn_v3_BA": 0.016666666666666666,
      "jc_syn_v4_AB": 0.03636363636363636,
      "jc_syn_v4_BA": 0.016666666666666666,
      "jc_vec_sum": 0.011111111111111112,
      "jc_vec_mul": 0.0,
      "jc_syn_mean": 0.025310410670507752
    },
    {
      "pair": "pirate+melancholic",
      "a": "pirate",
      "b": "melancholic",
      "dist_pc1": 0.3586510419845581,
      "dist_pc12": 0.4588273943275668,
      "dist_pc15": 0.9321265427327213,
      "cos_ab": 0.9441505670547485,
      "jc_syn_v1_AB": 0.04285714285714286,
      "jc_syn_v1_BA": 0.02857142857142857,
      "jc_syn_v2_AB": 0.043478260869565216,
      "jc_syn_v2_BA": 0.03076923076923077,
      "jc_syn_v3_AB": 0.04477611940298507,
      "jc_syn_v3_BA": 0.02857142857142857,
      "jc_syn_v4_AB": 0.046153846153846156,
      "jc_syn_v4_BA": 0.030303030303030304,
      "jc_vec_sum": 0.019230769230769232,
      "jc_vec_mul": 0.0,
      "jc_syn_mean": 0.03693506093733219
    },
    {
      "pair": "pirate+mystical",
      "a": "pirate",
      "b": "mystical",
      "dist_pc1": 0.7016977816820145,
      "dist_pc12": 0.7190405606512393,
      "dist_pc15": 1.3500424224894718,
      "cos_ab": 0.9370067715644836,
      "jc_syn_v1_AB": 0.025,
      "jc_syn_v1_BA": 0.012195121951219513,
      "jc_syn_v2_AB": 0.02631578947368421,
      "jc_syn_v2_BA": 0.0136986301369863,
      "jc_syn_v3_AB": 0.02702702702702703,
      "jc_syn_v3_BA": 0.013157894736842105,
      "jc_syn_v4_AB": 0.02666666666666667,
      "jc_syn_v4_BA": 0.0136986301369863,
      "jc_vec_sum": 0.008064516129032258,
      "jc_vec_mul": 0.0,
      "jc_syn_mean": 0.019719970016176515
    },
    {
      "pair": "pirate+playful",
      "a": "pirate",
      "b": "playful",
      "dist_pc1": 1.1170760691165924,
      "dist_pc12": 1.2042678125000434,
      "dist_pc15": 1.6836477780394727,
      "cos_ab": 0.9214614629745483,
      "jc_syn_v1_AB": 0.038461538461538464,
      "jc_syn_v1_BA": 0.043010752688172046,
      "jc_syn_v2_AB": 0.04054054054054054,
      "jc_syn_v2_BA": 0.04597701149425287,
      "jc_syn_v3_AB": 0.06493506493506493,
      "jc_syn_v3_BA": 0.047058823529411764,
      "jc_syn_v4_AB": 0.04,
      "jc_syn_v4_BA": 0.047619047619047616,
      "jc_vec_sum": 0.030534351145038167,
      "jc_vec_mul": 0.009708737864077669,
      "jc_syn_mean": 0.04595034740850353
    },
    {
      "pair": "pirate+poet",
      "a": "pirate",
      "b": "poet",
      "dist_pc1": 0.770495094358921,
      "dist_pc12": 1.35303467186423,
      "dist_pc15": 1.4987666622969176,
      "cos_ab": 0.9314188361167908,
      "jc_syn_v1_AB": 0.07692307692307693,
      "jc_syn_v1_BA": 0.058823529411764705,
      "jc_syn_v2_AB": 0.06329113924050633,
      "jc_syn_v2_BA": 0.04225352112676056,
      "jc_syn_v3_AB": NaN,
      "jc_syn_v3_BA": NaN,
      "jc_syn_v4_AB": NaN,
      "jc_syn_v4_BA": NaN,
      "jc_vec_sum": 0.021052631578947368,
      "jc_vec_mul": 0.009900990099009901,
      "jc_syn_mean": 0.060322816675527136
    },
    {
      "pair": "pirate+prophet",
      "a": "pirate",
      "b": "prophet",
      "dist_pc1": 0.12623095512390137,
      "dist_pc12": 1.0864689120914302,
      "dist_pc15": 1.4392162668492159,
      "cos_ab": 0.9367789030075073,
      "jc_syn_v1_AB": 0.05555555555555555,
      "jc_syn_v1_BA": 0.08571428571428572,
      "jc_syn_v2_AB": 0.06666666666666667,
      "jc_syn_v2_BA": 0.08955223880597014,
      "jc_syn_v3_AB": NaN,
      "jc_syn_v3_BA": NaN,
      "jc_syn_v4_AB": NaN,
      "jc_syn_v4_BA": NaN,
      "jc_vec_sum": 0.042735042735042736,
      "jc_vec_mul": 0.009900990099009901,
      "jc_syn_mean": 0.07437218668561951
    },
    {
      "pair": "pirate+savage",
      "a": "pirate",
      "b": "savage",
      "dist_pc1": 0.7301277071237564,
      "dist_pc12": 0.7504263456404161,
      "dist_pc15": 0.8094374592050835,
      "cos_ab": 0.9485148787498474,
      "jc_syn_v1_AB": 0.0684931506849315,
      "jc_syn_v1_BA": 0.046153846153846156,
      "jc_syn_v2_AB": 0.05970149253731343,
      "jc_syn_v2_BA": 0.043478260869565216,
      "jc_syn_v3_AB": 0.0625,
      "jc_syn_v3_BA": 0.06060606060606061,
      "jc_syn_v4_AB": 0.06153846153846154,
      "jc_syn_v4_BA": 0.07575757575757576,
      "jc_vec_sum": 0.04132231404958678,
      "jc_vec_mul": 0.02,
      "jc_syn_mean": 0.05977860601846928
    },
    {
      "pair": "pirate+serene",
      "a": "pirate",
      "b": "serene",
      "dist_pc1": 0.41745510697364807,
      "dist_pc12": 0.4182057928445274,
      "dist_pc15": 0.9196328816402567,
      "cos_ab": 0.9400216341018677,
      "jc_syn_v1_AB": 0.05063291139240506,
      "jc_syn_v1_BA": 0.05263157894736842,
      "jc_syn_v2_AB": 0.05128205128205128,
      "jc_syn_v2_BA": 0.058823529411764705,
      "jc_syn_v3_AB": 0.05194805194805195,