{
  "per_token_separate": {
    "token_1": {
      "names": [
        "bard",
        "chef",
        "coach",
        "comedian",
        "cowboy",
        "detective",
        "druid",
        "historian",
        "journalist",
        "knight",
        "lawyer",
        "librarian",
        "monk",
        "necromancer",
        "ninja",
        "oracle",
        "philosopher",
        "pirate",
        "poet",
        "politician",
        "prophet",
        "rapper",
        "salesperson",
        "samurai",
        "scientist",
        "spy",
        "stoic",
        "surgeon",
        "teacher",
        "therapist",
        "vampire",
        "witch",
        "wizard"
      ],
      "pc1": [
        0.040398143231868744,
        0.15077917277812958,
        0.5927780866622925,
        -0.10898501425981522,
        0.3031497895717621,
        0.3313164710998535,
        -0.14726842939853668,
        0.1808250993490219,
        0.1944257766008377,
        -0.5678566694259644,
        0.2681490182876587,
        0.5870002508163452,
        -0.35021495819091797,
        -0.664115309715271,
        -0.37502413988113403,
        -0.43622100353240967,
        0.2920404374599457,
        -0.2960261404514313,
        -0.02312977984547615,
        0.4423622786998749,
        -0.7191940546035767,
        0.41391849517822266,
        0.33093389868736267,
        -0.4995898902416229,
        0.10749629139900208,
        0.10196089744567871,
        -0.12760768830776215,
        -0.07352028042078018,
        0.837308406829834,
        0.5868937969207764,
        0.09431519359350204,
        -0.7384738922119141,
        -0.7288233637809753
      ],
      "pc2": [
        0.7168428301811218,
        0.3338317275047302,
        0.12159779667854309,
        -0.26076364517211914,
        -0.27393603324890137,
        -0.5578455924987793,
        -0.523956835269928,
        0.2336658388376236,
        -0.16635707020759583,
        0.18748418986797333,
        -0.07785291969776154,
        0.7820261120796204,
        0.2730396091938019,
        0.9356871247291565,
        -0.443625807762146,
        0.08074600994586945,
        -0.5097339749336243,
        -0.3076239824295044,
        0.8257664442062378,
        -0.11672645807266235,
        -0.05708039551973343,
        -0.40940365195274353,
        0.13565689325332642,
        -0.3458596467971802,
        -0.1928233653306961,
        0.07797549664974213,
        -0.021184226498007774,
        -0.044017449021339417,
        0.09293297678232193,
        -0.05293385684490204,
        -0.07853073626756668,
        -0.18035946786403656,
        -0.17663662135601044
      ],
      "explained_variance_ratio": [
        0.09553518146276474,
        0.07671867311000824,
        0.06002143397927284,
        0.051184989511966705,
        0.04723531752824783,
        0.04417814314365387,
        0.04017757251858711,
        0.03772498667240143,
        0.035653091967105865,
        0.03406020253896713
      ],
      "spearman_pc1_fe": -0.6129679144385027
    },
    "token_2": {
      "names": [
        "bard",
        "chef",
        "coach",
        "comedian",
        "cowboy",
        "detective",
        "druid",
        "historian",
        "journalist",
        "knight",
        "lawyer",
        "librarian",
        "monk",
        "necromancer",
        "ninja",
        "oracle",
        "philosopher",
        "pirate",
        "poet",
        "politician",
        "prophet",
        "rapper",
        "salesperson",
        "samurai",
        "scientist",
        "spy",
        "stoic",
        "surgeon",
        "teacher",
        "therapist",
        "vampire",
        "witch",
        "wizard"
      ],
      "pc1": [
        0.4155588448047638,
        -0.34229612350463867,
        0.4940665364265442,
        0.3738011419773102,
        0.3026088774204254,
        -0.016073381528258324,
        -0.10054470598697662,
        -0.07480835914611816,
        0.08614535629749298,
        0.1282774657011032,
        -0.007742985151708126,
        -0.2285429984331131,
        0.6574662923812866,
        0.23812492191791534,
        -0.5751051902770996,
        -0.4309062659740448,
        -0.4378332495689392,
        -0.40145477652549744,
        0.47701942920684814,
        0.293583482503891,
        -0.3824496567249298,
        -0.06636468321084976,
        0.5368383526802063,
        0.07409780472517014,
        -0.030537959188222885,
        0.47257760167121887,
        -0.4096113443374634,
        -0.17697063088417053,
        0.5978462100028992,
        0.3805903494358063,
        -0.39500826597213745,
        -0.7536237239837646,
        -0.6987264752388
      ],
      "pc2": [
        -0.48194006085395813,
        0.6061431169509888,
        0.6513338088989258,
        0.3015729784965515,
        0.041096094995737076,
        0.3529413044452667,
        0.07476065307855606,
        0.14769849181175232,
        0.2709180414676666,
        -0.08738097548484802,
        0.18429209291934967,
        0.13968011736869812,
        -0.9040127396583557,
        -0.3382483422756195,
        -0.08378677815198898,
        -0.06613561511039734,
        0.2538943588733673,
        0.010112249292433262,
        -0.3106083571910858,
        0.20759062469005585,
        -0.6554151177406311,
        0.23856177926063538,
        0.0022800720762461424,
        -0.07667636126279831,
        0.28530648350715637,
        -0.4396243095397949,
        0.07783762365579605,
        -0.2156587690114975,
        0.47567880153656006,
        0.03162488341331482,
        -0.03476635366678238,
        -0.2926620841026306,
        -0.36640435457229614
      ],
      "explained_variance_ratio": [
        0.08280884474515915,
        0.061855752021074295,
        0.05436979606747627,
        0.05093706399202347,
        0.04726836085319519,
        0.04664717987179756,
        0.042330145835876465,
        0.03889084234833717,
        0.03713655844330788,
        0.03611470386385918
      ],
      "spearman_pc1_fe": -0.11798128342245984
    },
    "token_3": {
      "names": [
        "bard",
        "chef",
        "coach",
        "comedian",
        "cowboy",
        "detective",
        "druid",
        "historian",
        "journalist",
        "knight",
        "lawyer",
        "librarian",
        "monk",
        "necromancer",
        "ninja",
        "oracle",
        "philosopher",
        "pirate",
        "poet",
        "politician",
        "prophet",
        "rapper",
        "salesperson",
        "samurai",
        "scientist",
        "spy",
        "stoic",
        "surgeon",
        "teacher",
        "therapist",
        "vampire",
        "witch",
        "wizard"
      ],
      "pc1": [
        -0.21577303111553192,
        -0.4824381470680237,
        -0.40517204999923706,
        -0.32958894968032837,
        -0.022845609113574028,
        -0.28120484948158264,
        0.11417419463396072,
        -0.14975225925445557,
        -0.058151036500930786,
        0.19565606117248535,
        -0.41089382767677307,
        0.0021869505289942026,
        0.3593672215938568,
        -0.6125463247299194,
        0.6407006978988647,
        -0.15924663841724396,
        -0.0976257473230362,
        -0.10001388937234879,
        0.4238709807395935,
        -0.4810263216495514,
        0.5347995758056641,
        -0.2295171320438385,
        -0.29771941900253296,
        0.13133208453655243,
        -0.01806371659040451,
        0.20535314083099365,
        0.37579309940338135,
        -0.07367487251758575,
        0.11659497022628784,
        0.32711052894592285,
        0.7319916486740112,
        -0.24343281984329224,
        0.5097551345825195
      ],