{
  "persona_set": "traits",
  "per_token_separate": {
    "token_1": {
      "names": [
        "analytical",
        "anxious",
        "arrogant",
        "benevolent",
        "casual",
        "concise",
        "confident",
        "cruel",
        "dispassionate",
        "dramatic",
        "earnest",
        "enigmatic",
        "evil",
        "flippant",
        "formal",
        "humble",
        "manipulative",
        "melancholic",
        "mystical",
        "nihilistic",
        "paranoid",
        "passionate",
        "philosophical",
        "playful",
        "sardonic",
        "savage",
        "serene",
        "skeptical",
        "subversive",
        "sycophantic",
        "verbose",
        "witty"
      ],
      "pc1": [
        0.8585824966430664,
        -0.1813148856163025,
        -0.22902825474739075,
        0.5270673036575317,
        -0.3742516040802002,
        0.07671863585710526,
        -0.11862576752901077,
        -0.46568983793258667,
        0.761766254901886,
        -0.3939225673675537,
        -0.2068120837211609,
        -0.6499050259590149,
        0.3139248192310333,
        -0.5858893990516663,
        0.7669979333877563,
        1.0293397903442383,
        0.7337600588798523,
        -0.553291916847229,
        -0.1932324320077896,
        -0.10924002528190613,
        0.4235975742340088,
        -0.32635223865509033,
        0.054326701909303665,
        -0.40157872438430786,
        -0.3164186179637909,
        -0.4403866231441498,
        -0.38658684492111206,
        0.5127876400947571,
        0.05519315227866173,
        -0.0010593547485768795,
        0.1507585048675537,
        -0.33123546838760376
      ],
      "pc2": [
        -0.7465503811836243,
        0.14038525521755219,
        0.5269268155097961,
        0.2747989296913147,
        -0.34658244252204895,
        -0.06993232667446136,
        0.20609724521636963,
        -0.05241147428750992,
        -0.4277734160423279,
        0.362199068069458,
        -0.10515805333852768,
        0.13062730431556702,
        0.27524086833000183,
        -0.12444902956485748,
        -0.4220675826072693,
        0.19847217202186584,
        1.3094288110733032,
        -0.07435979694128036,
        -0.25813615322113037,
        0.004956462886184454,
        -0.01104641892015934,
        -0.30177241563796997,
        -0.312023788690567,
        0.14657709002494812,
        -0.02715671807527542,
        -0.33806318044662476,
        0.039013929665088654,
        -0.20346996188163757,
        -0.06209807097911835,
        0.7743109464645386,
        -0.5413163304328918,
        0.03533308580517769
      ],
      "explained_variance_ratio": [
        0.10215236246585846,
        0.0705757662653923,
        0.05957913026213646,
        0.05711011588573456,
        0.05561087653040886,
        0.04839630052447319,
        0.043181680142879486,
        0.03819093108177185,
        0.037473857402801514,
        0.036122314631938934
      ],
      "spearman_pc1_fe": -0.5300586510263929
    },
    "token_2": {
      "names": [
        "analytical",
        "anxious",
        "arrogant",
        "benevolent",
        "casual",
        "concise",
        "confident",
        "cruel",
        "dispassionate",
        "dramatic",
        "earnest",
        "enigmatic",
        "evil",
        "flippant",
        "formal",
        "humble",
        "manipulative",
        "melancholic",
        "mystical",
        "nihilistic",
        "paranoid",
        "passionate",
        "philosophical",
        "playful",
        "sardonic",
        "savage",
        "serene",
        "skeptical",
        "subversive",
        "sycophantic",
        "verbose",
        "witty"
      ],
      "pc1": [
        0.6043674945831299,
        -0.23036228120326996,
        -0.3386596441268921,
        0.27527469396591187,
        0.15834105014801025,
        0.36218419671058655,
        0.41578197479248047,
        -0.7238072156906128,
        0.7227997183799744,
        -0.0167690459638834,
        0.029464062303304672,
        -0.2097187340259552,
        -0.475892037153244,
        -0.7247369289398193,
        1.1084312200546265,
        0.36798787117004395,
        0.5322150588035583,
        -0.14335750043392181,
        -0.21722862124443054,
        -0.42994171380996704,
        0.08749497681856155,
        -0.13702838122844696,
        -0.12918196618556976,
        -0.10088711977005005,
        -0.7063866853713989,
        -0.07340455055236816,
        -0.28836867213249207,
        0.02781948447227478,
        -0.056792061775922775,
        0.05851813033223152,
        0.1549597531557083,
        0.09688505530357361
      ],
      "pc2": [
        -0.3091617524623871,
        -0.1283024400472641,
        -0.4385233521461487,
        -0.37429776787757874,
        -0.12328614294528961,
        0.1972873955965042,
        0.5891591310501099,
        -0.02332715131342411,
        0.2515621781349182,
        0.6947696805000305,
        -0.47775354981422424,
        0.0959664061665535,
        0.04442369192838669,
        0.028825834393501282,
        0.28907468914985657,
        -0.1574070304632187,
        0.06573351472616196,
        0.2547810673713684,
        0.19103944301605225,
        0.4361298382282257,
        -0.0858236625790596,
        0.3655754327774048,
        -0.034310340881347656,
        -1.1888123750686646,
        0.2750059962272644,
        0.3999849259853363,
        0.38433218002319336,
        -0.272409588098526,
        -0.19221678376197815,
        -0.35200682282447815,
        -0.061436209827661514,
        -0.34457677602767944
      ],
      "explained_variance_ratio": [
        0.0777086466550827,
        0.06279012560844421,
        0.05770247057080269,
        0.05286780372262001,
        0.04831814020872116,
        0.04416342079639435,
        0.042432621121406555,
        0.04007668048143387,
        0.038454461842775345,
        0.03527921810746193
      ],
      "spearman_pc1_fe": -0.1275659824046922
    },
    "token_3": {
      "names": [
        "analytical",
        "anxious",
        "arrogant",
        "benevolent",
        "casual",
        "concise",
        "confident",
        "cruel",
        "dispassionate",
        "dramatic",
        "earnest",
        "enigmatic",
        "evil",
        "flippant",
        "formal",
        "humble",
        "manipulative",
        "melancholic",
        "mystical",
        "nihilistic",
        "paranoid",
        "passionate",
        "philosophical",
        "playful",
        "sardonic",
        "savage",
        "serene",
        "skeptical",
        "subversive",
        "sycophantic",
        "verbose",
        "witty"
      ],
      "pc1": [
        0.6393183469772339,
        -0.27395305037498474,
        -0.19763095676898956,
        -0.0482914075255394,
        -0.08074387162923813,
        0.5320665836334229,
        0.2690137028694153,
        -0.564862847328186,
        0.29338645935058594,
        -0.16071762144565582,
        -0.3226301968097687,
        0.16905058920383453,
        -0.1641741842031479,
        -0.6427565813064575,
        0.6321572661399841,
        0.7799549698829651,
        0.17833679914474487,
        0.13459527492523193,
        -0.06269348412752151,
        -0.7412102222442627,
        0.07671754062175751,
        -0.10779447853565216,
        0.0723072737455368,
        0.3173634707927704,
        -0.7410317659378052,
        0.17685461044311523,
        -0.15583275258541107,
        0.20770585536956787,
        -0.06455317884683609,
        -0.2623741030693054,
        -0.03492724150419235,
        0.14734742045402527
      ],