{
  "individual": {
    "||A||": 10.337272644042969,
    "||B||": 10.497838973999023,
    "cos(A, B)": 0.927959144115448
  },
  "composites": {
    "vec-sum": {
      "||composite||": 10.22822380065918,
      "cos(composite, A)": 0.9815407991409302,
      "cos(composite, B)": 0.9821062684059143
    },
    "vec-mul": {
      "||composite||": 1.7553400993347168,
      "cos(composite, A)": 0.007601592689752579,
      "cos(composite, B)": 0.008397573605179787
    }
  }
}