{
  "combined_teacher": {
    "recon": {
      "rel_err": 0.009362242184579372,
      "cos_sim": 0.9984521865844727
    },
    "n_active": 15,
    "topk_features": [
      486,
      48,
      6129,
      190,
      3,
      1071,
      50,
      21,
      1837,
      502,
      3775,
      107,
      2227,
      1904,
      143,
      0,
      1,
      2,
      4,
      5
    ]
  },
  "sp_A_individual": {
    "n_active": 60,
    "topk_features": [
      96,
      406,
      242,
      409,
      282,
      243,
      510,
      218,
      258,
      486,
      261,
      1263,
      413,
      351,
      447,
      534,
      2076,
      1241,
      159,
      1307
    ]
  },
  "sp_B_individual": {
    "n_active": 62,
    "topk_features": [
      96,
      242,
      406,
      447,
      409,
      282,
      510,
      1263,
      243,
      261,
      351,
      258,
      268,
      159,
      1562,
      100,
      486,
      453,
      146,
      218
    ]
  },
  "sp_AB_union_size": 84,
  "conditions": {
    "syn-v1-AB": {
      "recon": {
        "rel_err": 0.033807311207056046,
        "cos_sim": 0.9979751110076904
      },
      "n_active": 59,
      "topk_features": [
        96,
        242,
        409,
        406,
        1263,
        510,
        243,
        282,
        447,
        218,
        261,
        351,
        258,
        268,
        534,
        486,
        159,
        413,
        324,
        146
      ],
      "jaccard_combined": 0.0136986301369863,
      "jaccard_union": 0.5543478260869565,
      "jaccard_sp_A": 0.5657894736842105,
      "jaccard_sp_B": 0.5125,
      "shared_with_combined": [
        486
      ],
      "shared_with_union": [
        96,
        242,
        409,
        406,
        1263,
        510,
        243,
        282,
        447,
        218,
        261,
        351,
        258,
        268,
        534,
        486,
        159,
        413,
        324,
        146
      ]
    },
    "syn-v1-BA": {
      "recon": {
        "rel_err": 0.02774391695857048,
        "cos_sim": 0.9982762336730957
      },
      "n_active": 63,
      "topk_features": [
        96,
        242,
        409,
        406,
        1263,
        447,
        510,
        282,
        243,
        351,
        261,
        258,
        218,
        159,
        428,
        268,
        534,
        324,
        453,
        112
      ],
      "jaccard_combined": 0.012987012987012988,
      "jaccard_union": 0.5806451612903226,
      "jaccard_sp_A": 0.4470588235294118,
      "jaccard_sp_B": 0.6666666666666666,
      "shared_with_combined": [
        486
      ],
      "shared_with_union": [
        96,
        242,
        409,
        406,
        1263,
        447,
        510,
        282,
        243,
        351,
        261,
        258,
        218,
        159,
        428,
        268,
        534,
        324,
        453,
        112
      ]
    },
    "syn-v2-AB": {
      "recon": {
        "rel_err": 0.03572585806250572,
        "cos_sim": 0.9979495406150818
      },
      "n_active": 53,
      "topk_features": [
        96,
        242,
        409,
        406,
        510,
        1263,
        243,
        282,
        447,
        351,
        218,
        258,
        261,
        268,
        534,
        159,
        146,
        486,
        413,
        324
      ],
      "jaccard_combined": 0.014925373134328358,
      "jaccard_union": 0.5393258426966292,
      "jaccard_sp_A": 0.527027027027027,
      "jaccard_sp_B": 0.5540540540540541,
      "shared_with_combined": [
        486
      ],
      "shared_with_union": [
        96,
        242,
        409,
        406,
        510,
        1263,
        243,
        282,
        447,
        351,
        218,
        258,
        261,
        268,
        534,
        159,
        146,
        486,
        413,
        324
      ]
    },
    "syn-v2-BA": {
      "recon": {
        "rel_err": 0.026902081444859505,
        "cos_sim": 0.9983243346214294
      },
      "n_active": 56,
      "topk_features": [
        96,
        242,
        409,
        447,
        406,
        1263,
        510,
        282,
        243,
        351,
        261,
        218,
        258,
        324,
        534,
        159,
        268,
        460,
        428,
        453
      ],
      "jaccard_combined": 0.014285714285714285,
      "jaccard_union": 0.5730337078651685,
      "jaccard_sp_A": 0.46835443037974683,
      "jaccard_sp_B": 0.6857142857142857,
      "shared_with_combined": [
        486
      ],
      "shared_with_union": [
        96,
        242,
        409,
        447,
        406,
        1263,
        510,
        282,
        243,
        351,
        261,
        218,
        258,
        324,
        534,
        159,
        268,
        460,
        428,
        453
      ]
    },
    "syn-v3-AB": {
      "recon": {
        "rel_err": 0.03638432174921036,
        "cos_sim": 0.9979659914970398
      },
      "n_active": 52,
      "topk_features": [
        96,
        242,
        409,
        406,
        510,
        1263,
        243,
        282,
        351,
        447,
        261,
        218,
        258,
        268,
        486,
        413,
        534,
        159,
        324,
        1241
      ],
      "jaccard_combined": 0.03076923076923077,
      "jaccard_union": 0.5632183908045977,
      "jaccard_sp_A": 0.6231884057971014,
      "jaccard_sp_B": 0.52,
      "shared_with_combined": [
        486,
        1837
      ],
      "shared_with_union": [
        96,
        242,
        409,
        406,
        510,
        1263,
        243,
        282,
        351,
        447,
        261,
        218,
        258,
        268,
        486,
        413,
        534,
        159,
        324,
        1241
      ]
    },
    "syn-v3-BA": {
      "recon": {
        "rel_err": 0.02797243371605873,
        "cos_sim": 0.9982688426971436
      },
      "n_active": 60,
      "topk_features": [
        96,
        242,
        406,
        409,
        1263,
        447,
        510,
        282,
        243,
        351,
        218,
        261,
        258,
        324,
        159,
        453,
        268,
        534,
        428,
        112
      ],
      "jaccard_combined": 0.013513513513513514,
      "jaccard_union": 0.5824175824175825,
      "jaccard_sp_A": 0.4457831325301205,
      "jaccard_sp_B": 0.6944444444444444,
      "shared_with_combined": [
        486
      ],
      "shared_with_union": [
        96,
        242,
        406,
        409,
        1263,
        447,
        510,
        282,
        243,
        351,
        218,
        261,
        258,
        324,
        159,
        453,
        268,
        534,
        428,
        112
      ]
    },
    "syn-v4-AB": {
      "recon": {
        "rel_err": 0.03545672819018364,
        "cos_sim": 0.9980362057685852
      },
      "n_active": 54,
      "topk_features": [
        96,
        242,
        409,
        406,
        510,
        1263,
        243,
        282,
        447,
        218,
        351,
        258,
        261,
        268,
        486,
        159,
        534,
        413,
        324,
        11396
      ],
      "jaccard_combined": 0.014705882352941176,
      "jaccard_union": 0.5333333333333333,
      "jaccard_sp_A": 0.5616438356164384,
      "jaccard_sp_B": 0.5263157894736842,
      "shared_with_combined": [
        486
      ],
      "shared_with_union": [
        96,
        242,
        409,
        406,
        510,
        1263,
        243,
        282,
        447,
        218,
        351,
        258,
        261,
        268,
        486,
        159,
        534,
        413,
        324,
        146
      ]
    },
    "syn-v4-BA": {
      "recon": {
        "rel_err": 0.028072258457541466,
        "cos_sim": 0.9983092546463013
      },
      "n_active": 56,