{
  "individual": {
    "||A||": 10.337272644042969,
    "||B||": 10.363171577453613,
    "cos(A, B)": 0.9465279579162598
  },
  "composites": {
    "vec-sum": {
      "||composite||": 10.210923194885254,
      "cos(composite, A)": 0.9865074157714844,
      "cos(composite, B)": 0.9865753650665283
    },
    "vec-mul": {
      "||composite||": 1.7527292966842651,
      "cos(composite, A)": 0.008979061618447304,
      "cos(composite, B)": 0.009404163807630539
    }
  }
}