{
  "combined_teacher": {
    "recon": {
      "rel_err": 0.009325667284429073,
      "cos_sim": 0.998318076133728
    },
    "n_active": 21,
    "topk_features": [
      486,
      6129,
      48,
      3,
      6571,
      8468,
      1071,
      50,
      1837,
      4014,
      190,
      217,
      1940,
      1762,
      4271,
      2227,
      502,
      158,
      1904,
      1273
    ]
  },
  "sp_A_individual": {
    "n_active": 60,
    "topk_features": [
      96,
      406,
      242,
      409,
      282,
      243,
      510,
      218,
      258,
      486,
      261,
      1263,
      413,
      351,
      447,
      534,
      2076,
      1241,
      159,
      1307
    ]
  },
  "sp_B_individual": {
    "n_active": 66,
    "topk_features": [
      96,
      406,
      282,
      242,
      409,
      447,
      510,
      243,
      1263,
      486,
      258,
      460,
      261,
      1562,
      100,
      351,
      268,
      441,
      1241,
      401
    ]
  },
  "sp_AB_union_size": 89,
  "conditions": {
    "syn-v1-AB": {
      "recon": {
        "rel_err": 0.034827299416065216,
        "cos_sim": 0.9980617165565491
      },
      "n_active": 60,
      "topk_features": [
        96,
        406,
        409,
        242,
        243,
        510,
        1263,
        282,
        258,
        447,
        218,
        261,
        351,
        486,
        534,
        413,
        78,
        11396,
        324,
        1562
      ],
      "jaccard_combined": 0.05194805194805195,
      "jaccard_union": 0.5520833333333334,
      "jaccard_sp_A": 0.6666666666666666,
      "jaccard_sp_B": 0.4823529411764706,
      "shared_with_combined": [
        486,
        4014,
        4271,
        6571
      ],
      "shared_with_union": [
        96,
        406,
        409,
        242,
        243,
        510,
        1263,
        282,
        258,
        447,
        218,
        261,
        351,
        486,
        534,
        413,
        78,
        324,
        1562,
        401
      ]
    },
    "syn-v1-BA": {
      "recon": {
        "rel_err": 0.02908852882683277,
        "cos_sim": 0.9982714056968689
      },
      "n_active": 59,
      "topk_features": [
        406,
        96,
        409,
        242,
        282,
        447,
        1263,
        510,
        243,
        258,
        261,
        351,
        460,
        218,
        534,
        387,
        324,
        486,
        159,
        1562
      ],
      "jaccard_combined": 0.05263157894736842,
      "jaccard_union": 0.574468085106383,
      "jaccard_sp_A": 0.4,
      "jaccard_sp_B": 0.7361111111111112,
      "shared_with_combined": [
        486,
        4271,
        1762,
        4014
      ],
      "shared_with_union": [
        406,
        96,
        409,
        242,
        282,
        447,
        1263,
        510,
        243,
        258,
        261,
        351,
        460,
        218,
        534,
        387,
        324,
        486,
        159,
        1562
      ]
    },
    "syn-v2-AB": {
      "recon": {
        "rel_err": 0.036924127489328384,
        "cos_sim": 0.9980169534683228
      },
      "n_active": 52,
      "topk_features": [
        96,
        242,
        406,
        409,
        243,
        510,
        282,
        1263,
        258,
        447,
        261,
        351,
        486,
        218,
        534,
        1562,
        78,
        413,
        460,
        159
      ],
      "jaccard_combined": 0.057971014492753624,
      "jaccard_union": 0.46875,
      "jaccard_sp_A": 0.5342465753424658,
      "jaccard_sp_B": 0.4567901234567901,
      "shared_with_combined": [
        486,
        4271,
        6129,
        217
      ],
      "shared_with_union": [
        96,
        242,
        406,
        409,
        243,
        510,
        282,
        1263,
        258,
        447,
        261,
        351,
        486,
        218,
        534,
        1562,
        78,
        413,
        460,
        159
      ]
    },
    "syn-v2-BA": {
      "recon": {
        "rel_err": 0.02808387205004692,
        "cos_sim": 0.9982759952545166
      },
      "n_active": 61,
      "topk_features": [
        96,
        409,
        406,
        242,
        282,
        447,
        1263,
        510,
        243,
        258,
        261,
        460,
        387,
        534,
        218,
        351,
        159,
        324,
        486,
        1562
      ],
      "jaccard_combined": 0.05128205128205128,
      "jaccard_union": 0.5463917525773195,
      "jaccard_sp_A": 0.4069767441860465,
      "jaccard_sp_B": 0.6710526315789473,
      "shared_with_combined": [
        486,
        4271,
        1762,
        4014
      ],
      "shared_with_union": [
        96,
        409,
        406,
        242,
        282,
        447,
        1263,
        510,
        243,
        258,
        261,
        460,
        387,
        534,
        218,
        351,
        159,
        324,
        486,
        1562
      ]
    },
    "syn-v3-AB": {
      "recon": {
        "rel_err": 0.03375837206840515,
        "cos_sim": 0.9980113506317139
      },
      "n_active": 53,
      "topk_features": [
        96,
        406,
        409,
        242,
        243,
        510,
        282,
        486,
        1263,
        258,
        261,
        218,
        351,
        447,
        534,
        78,
        11396,
        413,
        324,
        1220
      ],
      "jaccard_combined": 0.07246376811594203,
      "jaccard_union": 0.4791666666666667,
      "jaccard_sp_A": 0.6142857142857143,
      "jaccard_sp_B": 0.45121951219512196,
      "shared_with_combined": [
        486,
        4014,
        4271,
        217,
        8468
      ],
      "shared_with_union": [
        96,
        406,
        409,
        242,
        243,
        510,
        282,
        486,
        1263,
        258,
        261,
        218,
        351,
        447,
        534,
        78,
        413,
        324,
        1220,
        1241
      ]
    },
    "syn-v3-BA": {
      "recon": {
        "rel_err": 0.030932925641536713,
        "cos_sim": 0.9982097148895264
      },
      "n_active": 58,
      "topk_features": [
        409,
        96,
        406,
        242,
        282,
        1263,
        447,
        243,
        510,
        258,
        261,
        218,
        351,
        460,
        534,
        324,
        486,
        159,
        387,
        4271
      ],
      "jaccard_combined": 0.05333333333333334,
      "jaccard_union": 0.5473684210526316,
      "jaccard_sp_A": 0.42168674698795183,
      "jaccard_sp_B": 0.6756756756756757,
      "shared_with_combined": [
        486,
        4271,
        1762,
        4014
      ],
      "shared_with_union": [
        409,
        96,
        406,
        242,
        282,
        1263,
        447,
        243,
        510,
        258,
        261,
        218,
        351,
        460,
        534,
        324,
        486,
        159,
        387,
        4271
      ]
    },
    "syn-v4-AB": {
      "recon": {
        "rel_err": 0.03782625123858452,
        "cos_sim": 0.9980772137641907
      },
      "n_active": 54,
      "topk_features": [
        96,
        406,
        242,
        409,
        243,
        510,
        282,
        1263,
        258,
        447,
        261,
        218,
        351,
        486,
        534,
        11396,
        413,
        78,
        159,
        1562
      ],
      "jaccard_combined": 0.041666666666666664,
      "jaccard_union": 0.4895833333333333,
      "jaccard_sp_A": 0.6285714285714286,
      "jaccard_sp_B": 0.4457831325301205,
      "shared_with_combined": [
        486,
        4014,
        6129
      ],