{
  "individual": {
    "||A||": 10.379180908203125,
    "||B||": 10.38735294342041,
    "cos(A, B)": 0.9441505670547485
  },
  "composites": {
    "vec-sum": {
      "||composite||": 10.237265586853027,
      "cos(composite, A)": 0.9859275817871094,
      "cos(composite, B)": 0.9859499931335449
    },
    "vec-mul": {
      "||composite||": 1.765795111656189,
      "cos(composite, A)": 0.010756287723779678,
      "cos(composite, B)": 0.007933102548122406
    }
  }
}