{
  "combined_teacher": {
    "recon": {
      "rel_err": 0.007520209066569805,
      "cos_sim": 0.9983261823654175
    },
    "n_active": 12,
    "topk_features": [
      486,
      48,
      6571,
      3532,
      3,
      158,
      502,
      1477,
      190,
      1837,
      8407,
      573,
      0,
      1,
      2,
      4,
      5,
      6,
      7,
      8
    ]
  },
  "sp_A_individual": {
    "n_active": 75,
    "topk_features": [
      96,
      242,
      406,
      409,
      282,
      510,
      1263,
      258,
      243,
      351,
      218,
      447,
      261,
      486,
      413,
      460,
      326,
      146,
      268,
      3532
    ]
  },
  "sp_B_individual": {
    "n_active": 61,
    "topk_features": [
      96,
      447,
      242,
      406,
      409,
      282,
      510,
      243,
      1263,
      351,
      258,
      534,
      486,
      146,
      261,
      441,
      268,
      460,
      218,
      567
    ]
  },
  "sp_AB_union_size": 93,
  "conditions": {
    "syn-v1-AB": {
      "recon": {
        "rel_err": 0.03206974267959595,
        "cos_sim": 0.998214840888977
      },
      "n_active": 61,
      "topk_features": [
        96,
        409,
        242,
        406,
        1263,
        447,
        282,
        510,
        243,
        351,
        218,
        258,
        261,
        268,
        324,
        413,
        486,
        159,
        356,
        112
      ],
      "jaccard_combined": 0.04285714285714286,
      "jaccard_union": 0.5555555555555556,
      "jaccard_sp_A": 0.6385542168674698,
      "jaccard_sp_B": 0.4878048780487805,
      "shared_with_combined": [
        486,
        3532,
        1477
      ],
      "shared_with_union": [
        96,
        409,
        242,
        406,
        1263,
        447,
        282,
        510,
        243,
        351,
        218,
        258,
        261,
        268,
        324,
        413,
        486,
        159,
        356,
        112
      ]
    },
    "syn-v1-BA": {
      "recon": {
        "rel_err": 0.04071204736828804,
        "cos_sim": 0.9980558156967163
      },
      "n_active": 60,
      "topk_features": [
        96,
        409,
        406,
        242,
        1263,
        447,
        282,
        510,
        243,
        351,
        218,
        258,
        261,
        534,
        324,
        268,
        486,
        460,
        413,
        112
      ],
      "jaccard_combined": 0.02857142857142857,
      "jaccard_union": 0.47115384615384615,
      "jaccard_sp_A": 0.4835164835164835,
      "jaccard_sp_B": 0.5316455696202531,
      "shared_with_combined": [
        486,
        1477
      ],
      "shared_with_union": [
        96,
        409,
        406,
        242,
        1263,
        447,
        282,
        510,
        243,
        351,
        218,
        258,
        261,
        534,
        324,
        268,
        486,
        460,
        413,
        112
      ]
    },
    "syn-v2-AB": {
      "recon": {
        "rel_err": 0.03184095397591591,
        "cos_sim": 0.9982243180274963
      },
      "n_active": 60,
      "topk_features": [
        96,
        409,
        242,
        406,
        447,
        1263,
        282,
        510,
        243,
        258,
        351,
        218,
        261,
        268,
        460,
        146,
        324,
        486,
        112,
        159
      ],
      "jaccard_combined": 0.043478260869565216,
      "jaccard_union": 0.5612244897959183,
      "jaccard_sp_A": 0.6265060240963856,
      "jaccard_sp_B": 0.49382716049382713,
      "shared_with_combined": [
        486,
        3532,
        1477
      ],
      "shared_with_union": [
        96,
        409,
        242,
        406,
        447,
        1263,
        282,
        510,
        243,
        258,
        351,
        218,
        261,
        268,
        460,
        146,
        324,
        486,
        112,
        159
      ]
    },
    "syn-v2-BA": {
      "recon": {
        "rel_err": 0.033787522464990616,
        "cos_sim": 0.9982781410217285
      },
      "n_active": 55,
      "topk_features": [
        96,
        242,
        409,
        447,
        406,
        1263,
        282,
        510,
        243,
        351,
        218,
        258,
        261,
        460,
        534,
        268,
        486,
        324,
        112,
        159
      ],
      "jaccard_combined": 0.03076923076923077,
      "jaccard_union": 0.5257731958762887,
      "jaccard_sp_A": 0.5116279069767442,
      "jaccard_sp_B": 0.6338028169014085,
      "shared_with_combined": [
        486,
        1477
      ],
      "shared_with_union": [
        96,
        242,
        409,
        447,
        406,
        1263,
        282,
        510,
        243,
        351,
        218,
        258,
        261,
        460,
        534,
        268,
        486,
        324,
        112,
        159
      ]
    },
    "syn-v3-AB": {
      "recon": {
        "rel_err": 0.03319797292351723,
        "cos_sim": 0.9981988668441772
      },
      "n_active": 58,
      "topk_features": [
        96,
        409,
        406,
        242,
        1263,
        243,
        510,
        447,
        282,
        218,
        351,
        258,
        261,
        486,
        268,
        413,
        324,
        460,
        116,
        326
      ],
      "jaccard_combined": 0.04477611940298507,
      "jaccard_union": 0.5252525252525253,
      "jaccard_sp_A": 0.6219512195121951,
      "jaccard_sp_B": 0.4875,
      "shared_with_combined": [
        486,
        3532,
        1477
      ],
      "shared_with_union": [
        96,
        409,
        406,
        242,
        1263,
        243,
        510,
        447,
        282,
        218,
        351,
        258,
        261,
        486,
        268,
        413,
        324,
        460,
        116,
        326
      ]
    },
    "syn-v3-BA": {
      "recon": {
        "rel_err": 0.03819090873003006,
        "cos_sim": 0.9980850219726562
      },
      "n_active": 60,
      "topk_features": [
        96,
        409,
        242,
        406,
        1263,
        447,
        282,
        243,
        510,
        351,
        218,
        258,
        261,
        534,
        324,
        486,
        268,
        460,
        116,
        413
      ],
      "jaccard_combined": 0.02857142857142857,
      "jaccard_union": 0.5,
      "jaccard_sp_A": 0.5168539325842697,
      "jaccard_sp_B": 0.5316455696202531,
      "shared_with_combined": [
        486,
        1477
      ],
      "shared_with_union": [
        96,
        409,
        242,
        406,
        1263,
        447,
        282,
        243,
        510,
        351,
        218,
        258,
        261,
        534,
        324,
        486,
        268,
        460,
        116,
        413
      ]
    },
    "syn-v4-AB": {
      "recon": {
        "rel_err": 0.03378507122397423,
        "cos_sim": 0.9982035160064697
      },
      "n_active": 56,
      "topk_features": [
        96,
        409,
        242,
        406,
        1263,
        447,
        510,
        282,
        243,
        218,
        351,
        258,
        261,
        268,
        413,
        486,
        324,
        326,
        100,
        159
      ],
      "jaccard_combined": 0.046153846153846156,
      "jaccard_union": 0.5050505050505051,
      "jaccard_sp_A": 0.5975609756097561,
      "jaccard_sp_B": 0.5,
      "shared_with_combined": [
        486,
        3532,
        1477
      ],
      "shared_with_union": [
        96,
        409,
        242,
        406,
        1263,
        447,
        510,
        282,
        243,
        218,
        351,
        258,
        261,
        268,
        413,
        486,
        324,
        326,
        100,
        159
      ]
    },
    "syn-v4-BA": {
      "recon": {
        "rel_err": 0.04263032600283623,