{
  "individual": {
    "||A||": 10.337272644042969,
    "||B||": 10.393481254577637,
    "cos(A, B)": 0.9402825832366943
  },
  "composites": {
    "vec-sum": {
      "||composite||": 10.209457397460938,
      "cos(composite, A)": 0.9848752021789551,
      "cos(composite, B)": 0.9850395321846008
    },
    "vec-mul": {
      "||composite||": 1.7530555725097656,
      "cos(composite, A)": 0.015766343101859093,
      "cos(composite, B)": 0.022302407771348953
    }
  }
}