{
  "combined_teacher": {
    "recon": {
      "rel_err": 0.007703080307692289,
      "cos_sim": 0.9984306693077087
    },
    "n_active": 19,
    "topk_features": [
      486,
      48,
      6129,
      6571,
      3,
      1837,
      217,
      2227,
      502,
      166,
      1904,
      1071,
      190,
      499,
      439,
      158,
      492,
      218,
      143,
      0
    ]
  },
  "sp_A_individual": {
    "n_active": 60,
    "topk_features": [
      96,
      406,
      242,
      409,
      282,
      243,
      510,
      218,
      258,
      486,
      261,
      1263,
      413,
      351,
      447,
      534,
      2076,
      1241,
      159,
      1307
    ]
  },
  "sp_B_individual": {
    "n_active": 63,
    "topk_features": [
      96,
      406,
      409,
      242,
      282,
      218,
      447,
      243,
      486,
      331,
      510,
      1263,
      351,
      258,
      268,
      413,
      100,
      441,
      504,
      261
    ]
  },
  "sp_AB_union_size": 86,
  "conditions": {
    "syn-v1-AB": {
      "recon": {
        "rel_err": 0.06238066032528877,
        "cos_sim": 0.9978308081626892
      },
      "n_active": 53,
      "topk_features": [
        96,
        406,
        218,
        242,
        409,
        331,
        1263,
        243,
        510,
        282,
        258,
        261,
        351,
        447,
        486,
        413,
        534,
        324,
        116,
        401
      ],
      "jaccard_combined": 0.058823529411764705,
      "jaccard_union": 0.5274725274725275,
      "jaccard_sp_A": 0.5915492957746479,
      "jaccard_sp_B": 0.5263157894736842,
      "shared_with_combined": [
        218,
        486,
        1837,
        217
      ],
      "shared_with_union": [
        96,
        406,
        218,
        242,
        409,
        331,
        1263,
        243,
        510,
        282,
        258,
        261,
        351,
        447,
        486,
        413,
        534,
        324,
        116,
        401
      ]
    },
    "syn-v1-BA": {
      "recon": {
        "rel_err": 0.04924638569355011,
        "cos_sim": 0.9979646801948547
      },
      "n_active": 52,
      "topk_features": [
        96,
        406,
        409,
        242,
        1263,
        218,
        447,
        243,
        282,
        510,
        351,
        258,
        486,
        413,
        116,
        100,
        331,
        324,
        261,
        453
      ],
      "jaccard_combined": 0.028985507246376812,
      "jaccard_union": 0.5,
      "jaccard_sp_A": 0.4,
      "jaccard_sp_B": 0.6197183098591549,
      "shared_with_combined": [
        218,
        486
      ],
      "shared_with_union": [
        96,
        406,
        409,
        242,
        1263,
        218,
        447,
        243,
        282,
        510,
        351,
        258,
        486,
        413,
        116,
        100,
        331,
        324,
        261,
        453
      ]
    },
    "syn-v2-AB": {
      "recon": {
        "rel_err": 0.046676576137542725,
        "cos_sim": 0.9979142546653748
      },
      "n_active": 55,
      "topk_features": [
        96,
        242,
        409,
        406,
        218,
        243,
        1263,
        510,
        282,
        258,
        447,
        261,
        351,
        486,
        331,
        534,
        413,
        116,
        324,
        401
      ],
      "jaccard_combined": 0.04225352112676056,
      "jaccard_union": 0.5161290322580645,
      "jaccard_sp_A": 0.5972222222222222,
      "jaccard_sp_B": 0.475,
      "shared_with_combined": [
        218,
        486,
        6571
      ],
      "shared_with_union": [
        96,
        242,
        409,
        406,
        218,
        243,
        1263,
        510,
        282,
        258,
        447,
        261,
        351,
        486,
        331,
        534,
        413,
        116,
        324,
        401
      ]
    },
    "syn-v2-BA": {
      "recon": {
        "rel_err": 0.04948534071445465,
        "cos_sim": 0.9980321526527405
      },
      "n_active": 57,
      "topk_features": [
        96,
        406,
        409,
        242,
        218,
        1263,
        282,
        447,
        510,
        243,
        351,
        258,
        486,
        413,
        268,
        116,
        324,
        261,
        331,
        100
      ],
      "jaccard_combined": 0.02702702702702703,
      "jaccard_union": 0.5052631578947369,
      "jaccard_sp_A": 0.4268292682926829,
      "jaccard_sp_B": 0.6,
      "shared_with_combined": [
        218,
        486
      ],
      "shared_with_union": [
        96,
        406,
        409,
        242,
        218,
        1263,
        282,
        447,
        510,
        243,
        351,
        258,
        486,
        413,
        268,
        116,
        324,
        261,
        331,
        100
      ]
    },
    "vec-sum": {
      "recon": {
        "rel_err": 0.026018353179097176,
        "cos_sim": 0.9981290102005005
      },
      "n_active": 101,
      "topk_features": [
        96,
        406,
        282,
        409,
        242,
        447,
        1263,
        510,
        243,
        218,
        261,
        146,
        258,
        351,
        100,
        159,
        112,
        268,
        441,
        486
      ],
      "jaccard_combined": 0.02564102564102564,
      "jaccard_union": 0.47244094488188976,
      "jaccard_sp_A": 0.41228070175438597,
      "jaccard_sp_B": 0.43859649122807015,
      "shared_with_combined": [
        218,
        486,
        1837
      ],
      "shared_with_union": [
        96,
        406,
        282,
        409,
        242,
        447,
        1263,
        510,
        243,
        218,
        261,
        146,
        258,
        351,
        100,
        159,
        112,
        268,
        441,
        486
      ]
    },
    "vec-mul": {
      "recon": {
        "rel_err": 0.020587362349033356,
        "cos_sim": 0.9977958798408508
      },
      "n_active": 86,
      "topk_features": [
        447,
        409,
        96,
        387,
        205,
        406,
        282,
        510,
        441,
        112,
        6312,
        9805,
        6979,
        146,
        154,
        996,
        427,
        5050,
        261,
        15
      ],
      "jaccard_combined": 0.009615384615384616,
      "jaccard_union": 0.2932330827067669,
      "jaccard_sp_A": 0.2807017543859649,
      "jaccard_sp_B": 0.3185840707964602,
      "shared_with_combined": [
        218
      ],
      "shared_with_union": [
        447,
        409,
        96,
        406,
        282,
        510,
        441,
        112,
        146,
        154,
        427,
        5050,
        261,
        351,
        567,
        242,
        268,
        159,
        9262,
        1241
      ]
    }
  }
}