{
  "individual": {
    "||A||": 10.38735294342041,
    "||B||": 10.454092025756836,
    "cos(A, B)": 0.927882194519043
  },
  "composites": {
    "vec-sum": {
      "||composite||": 10.231119155883789,
      "cos(composite, A)": 0.9816871881484985,
      "cos(composite, B)": 0.9819225072860718
    },
    "vec-mul": {
      "||composite||": 1.7630058526992798,
      "cos(composite, A)": 0.004739653319120407,
      "cos(composite, B)": 0.005503695458173752
    }
  }
}