{
  "combined_teacher": {
    "recon": {
      "rel_err": 0.00935934018343687,
      "cos_sim": 0.9985802173614502
    },
    "n_active": 17,
    "topk_features": [
      486,
      48,
      3,
      2863,
      6571,
      324,
      457,
      552,
      158,
      12411,
      2085,
      4721,
      1071,
      1241,
      190,
      1477,
      11269,
      0,
      1,
      2
    ]
  },
  "sp_A_individual": {
    "n_active": 61,
    "topk_features": [
      96,
      447,
      242,
      406,
      409,
      282,
      510,
      243,
      1263,
      351,
      258,
      534,
      486,
      146,
      261,
      441,
      268,
      460,
      218,
      567
    ]
  },
  "sp_B_individual": {
    "n_active": 89,
    "topk_features": [
      96,
      242,
      447,
      406,
      282,
      409,
      1263,
      510,
      486,
      243,
      218,
      534,
      261,
      460,
      258,
      441,
      428,
      146,
      401,
      351
    ]
  },
  "sp_AB_union_size": 103,
  "conditions": {
    "syn-v1-AB": {
      "recon": {
        "rel_err": 0.040081337094306946,
        "cos_sim": 0.9981354475021362
      },
      "n_active": 57,
      "topk_features": [
        96,
        409,
        242,
        406,
        447,
        1263,
        282,
        510,
        243,
        351,
        258,
        218,
        261,
        268,
        534,
        324,
        453,
        112,
        116,
        146
      ],
      "jaccard_combined": 0.07246376811594203,
      "jaccard_union": 0.44144144144144143,
      "jaccard_sp_A": 0.5526315789473685,
      "jaccard_sp_B": 0.43137254901960786,
      "shared_with_combined": [
        324,
        486,
        1241,
        1477,
        2863
      ],
      "shared_with_union": [
        96,
        409,
        242,
        406,
        447,
        1263,
        282,
        510,
        243,
        351,
        258,
        218,
        261,
        268,
        534,
        324,
        453,
        112,
        116,
        146
      ]
    },
    "syn-v1-BA": {
      "recon": {
        "rel_err": 0.031377386301755905,
        "cos_sim": 0.9984243512153625
      },
      "n_active": 64,
      "topk_features": [
        96,
        242,
        447,
        409,
        406,
        1263,
        282,
        510,
        243,
        218,
        534,
        486,
        324,
        351,
        258,
        261,
        460,
        268,
        112,
        159
      ],
      "jaccard_combined": 0.05194805194805195,
      "jaccard_union": 0.5607476635514018,
      "jaccard_sp_A": 0.5432098765432098,
      "jaccard_sp_B": 0.5773195876288659,
      "shared_with_combined": [
        486,
        324,
        1241,
        1477
      ],
      "shared_with_union": [
        96,
        242,
        447,
        409,
        406,
        1263,
        282,
        510,
        243,
        218,
        534,
        486,
        324,
        351,
        258,
        261,
        460,
        268,
        112,
        159
      ]
    },
    "syn-v2-AB": {
      "recon": {
        "rel_err": 0.03468875214457512,
        "cos_sim": 0.9982927441596985
      },
      "n_active": 58,
      "topk_features": [
        96,
        242,
        447,
        409,
        406,
        1263,
        282,
        510,
        243,
        351,
        258,
        261,
        218,
        268,
        534,
        460,
        324,
        146,
        112,
        159
      ],
      "jaccard_combined": 0.07142857142857142,
      "jaccard_union": 0.5188679245283019,
      "jaccard_sp_A": 0.5866666666666667,
      "jaccard_sp_B": 0.53125,
      "shared_with_combined": [
        324,
        1241,
        486,
        1477,
        2863
      ],
      "shared_with_union": [
        96,
        242,
        447,
        409,
        406,
        1263,
        282,
        510,
        243,
        351,
        258,
        261,
        218,
        268,
        534,
        460,
        324,
        146,
        112,
        159
      ]
    },
    "syn-v2-BA": {
      "recon": {
        "rel_err": 0.03253435343503952,
        "cos_sim": 0.9983617663383484
      },
      "n_active": 59,
      "topk_features": [
        96,
        447,
        242,
        409,
        406,
        1263,
        282,
        510,
        243,
        218,
        486,
        534,
        324,
        258,
        460,
        261,
        351,
        268,
        159,
        567
      ],
      "jaccard_combined": 0.05555555555555555,
      "jaccard_union": 0.5283018867924528,
      "jaccard_sp_A": 0.5189873417721519,
      "jaccard_sp_B": 0.5416666666666666,
      "shared_with_combined": [
        486,
        324,
        1241,
        1477
      ],
      "shared_with_union": [
        96,
        447,
        242,
        409,
        406,
        1263,
        282,
        510,
        243,
        218,
        486,
        534,
        324,
        258,
        460,
        261,
        351,
        268,
        159,
        567
      ]
    },
    "syn-v3-AB": {
      "recon": {
        "rel_err": 0.03697020560503006,
        "cos_sim": 0.9981349110603333
      },
      "n_active": 61,
      "topk_features": [
        96,
        409,
        242,
        447,
        406,
        1263,
        282,
        510,
        243,
        351,
        218,
        258,
        261,
        534,
        268,
        324,
        486,
        112,
        460,
        453
      ],
      "jaccard_combined": 0.05405405405405406,
      "jaccard_union": 0.4642857142857143,
      "jaccard_sp_A": 0.5641025641025641,
      "jaccard_sp_B": 0.47058823529411764,
      "shared_with_combined": [
        324,
        486,
        1241,
        1477
      ],
      "shared_with_union": [
        96,
        409,
        242,
        447,
        406,
        1263,
        282,
        510,
        243,
        351,
        218,
        258,
        261,
        534,
        268,
        324,
        486,
        112,
        460,
        453
      ]
    },
    "syn-v3-BA": {
      "recon": {
        "rel_err": 0.0335264690220356,
        "cos_sim": 0.9983876347541809
      },
      "n_active": 64,
      "topk_features": [
        96,
        242,
        409,
        447,
        1263,
        406,
        282,
        510,
        243,
        218,
        534,
        486,
        351,
        324,
        258,
        261,
        460,
        268,
        116,
        401
      ],
      "jaccard_combined": 0.05194805194805195,
      "jaccard_union": 0.5607476635514018,
      "jaccard_sp_A": 0.5060240963855421,
      "jaccard_sp_B": 0.59375,
      "shared_with_combined": [
        486,
        324,
        1241,
        1477
      ],
      "shared_with_union": [
        96,
        242,
        409,
        447,
        1263,
        406,
        282,
        510,
        243,
        218,
        534,
        486,
        351,
        324,
        258,
        261,
        460,
        268,
        116,
        401
      ]
    },
    "syn-v4-AB": {
      "recon": {
        "rel_err": 0.0374489463865757,
        "cos_sim": 0.998161256313324
      },
      "n_active": 57,
      "topk_features": [
        96,
        409,
        242,
        447,
        406,
        282,
        1263,
        510,
        243,
        351,
        258,
        218,
        261,
        268,
        534,
        324,
        486,
        159,
        112,
        116
      ],
      "jaccard_combined": 0.05714285714285714,
      "jaccard_union": 0.46788990825688076,
      "jaccard_sp_A": 0.5945945945945946,
      "jaccard_sp_B": 0.47474747474747475,
      "shared_with_combined": [
        324,
        486,
        1241,
        1477
      ],