{
  "individual": {
    "||A||": 10.382344245910645,
    "||B||": 10.38735294342041,
    "cos(A, B)": 0.9406710863113403
  },
  "composites": {
    "vec-sum": {
      "||composite||": 10.229658126831055,
      "cos(composite, A)": 0.9850488901138306,
      "cos(composite, B)": 0.985063374042511
    },
    "vec-mul": {
      "||composite||": 1.7632685899734497,
      "cos(composite, A)": 0.019376063719391823,
      "cos(composite, B)": 0.012913482263684273
    }
  }
}