{
  "combined_teacher": {
    "recon": {
      "rel_err": 0.008549376390874386,
      "cos_sim": 0.998600959777832
    },
    "n_active": 19,
    "topk_features": [
      486,
      48,
      6571,
      552,
      12411,
      457,
      3,
      143,
      158,
      8407,
      5136,
      12898,
      502,
      1837,
      1241,
      2255,
      10860,
      1477,
      190,
      0
    ]
  },
  "sp_A_individual": {
    "n_active": 71,
    "topk_features": [
      96,
      406,
      242,
      282,
      409,
      447,
      510,
      243,
      1263,
      351,
      268,
      146,
      261,
      486,
      356,
      258,
      324,
      340,
      534,
      460
    ]
  },
  "sp_B_individual": {
    "n_active": 61,
    "topk_features": [
      96,
      447,
      242,
      406,
      409,
      282,
      510,
      243,
      1263,
      351,
      258,
      534,
      486,
      146,
      261,
      441,
      268,
      460,
      218,
      567
    ]
  },
  "sp_AB_union_size": 89,
  "conditions": {
    "syn-v1-AB": {
      "recon": {
        "rel_err": 0.028744639828801155,
        "cos_sim": 0.998333752155304
      },
      "n_active": 47,
      "topk_features": [
        96,
        409,
        406,
        447,
        242,
        282,
        1263,
        243,
        510,
        351,
        261,
        356,
        324,
        218,
        534,
        460,
        258,
        268,
        486,
        112
      ],
      "jaccard_combined": 0.047619047619047616,
      "jaccard_union": 0.4945054945054945,
      "jaccard_sp_A": 0.5733333333333334,
      "jaccard_sp_B": 0.5211267605633803,
      "shared_with_combined": [
        486,
        1241,
        1477
      ],
      "shared_with_union": [
        96,
        409,
        406,
        447,
        242,
        282,
        1263,
        243,
        510,
        351,
        261,
        356,
        324,
        218,
        534,
        460,
        258,
        268,
        486,
        112
      ]
    },
    "syn-v1-BA": {
      "recon": {
        "rel_err": 0.03679080307483673,
        "cos_sim": 0.998169481754303
      },
      "n_active": 58,
      "topk_features": [
        96,
        409,
        242,
        406,
        447,
        1263,
        282,
        243,
        510,
        351,
        258,
        261,
        218,
        534,
        324,
        268,
        486,
        112,
        453,
        460
      ],
      "jaccard_combined": 0.04054054054054054,
      "jaccard_union": 0.5978260869565217,
      "jaccard_sp_A": 0.5542168674698795,
      "jaccard_sp_B": 0.6527777777777778,
      "shared_with_combined": [
        486,
        1477,
        1241
      ],
      "shared_with_union": [
        96,
        409,
        242,
        406,
        447,
        1263,
        282,
        243,
        510,
        351,
        258,
        261,
        218,
        534,
        324,
        268,
        486,
        112,
        453,
        460
      ]
    },
    "syn-v2-AB": {
      "recon": {
        "rel_err": 0.029263943433761597,
        "cos_sim": 0.9982851147651672
      },
      "n_active": 48,
      "topk_features": [
        96,
        409,
        447,
        242,
        406,
        282,
        1263,
        243,
        510,
        351,
        356,
        460,
        261,
        324,
        258,
        218,
        534,
        268,
        112,
        146
      ],
      "jaccard_combined": 0.046875,
      "jaccard_union": 0.5222222222222223,
      "jaccard_sp_A": 0.6081081081081081,
      "jaccard_sp_B": 0.5352112676056338,
      "shared_with_combined": [
        486,
        1241,
        1477
      ],
      "shared_with_union": [
        96,
        409,
        447,
        242,
        406,
        282,
        1263,
        243,
        510,
        351,
        356,
        460,
        261,
        324,
        258,
        218,
        534,
        268,
        112,
        146
      ]
    },
    "syn-v2-BA": {
      "recon": {
        "rel_err": 0.033588163554668427,
        "cos_sim": 0.9983066320419312
      },
      "n_active": 58,
      "topk_features": [
        96,
        242,
        409,
        447,
        406,
        1263,
        282,
        243,
        510,
        351,
        261,
        258,
        534,
        460,
        218,
        324,
        268,
        146,
        486,
        112
      ],
      "jaccard_combined": 0.04054054054054054,
      "jaccard_union": 0.6333333333333333,
      "jaccard_sp_A": 0.6538461538461539,
      "jaccard_sp_B": 0.6081081081081081,
      "shared_with_combined": [
        486,
        1477,
        1241
      ],
      "shared_with_union": [
        96,
        242,
        409,
        447,
        406,
        1263,
        282,
        243,
        510,
        351,
        261,
        258,
        534,
        460,
        218,
        324,
        268,
        146,
        486,
        112
      ]
    },
    "syn-v3-AB": {
      "recon": {
        "rel_err": 0.03038696199655533,
        "cos_sim": 0.9982455968856812
      },
      "n_active": 52,
      "topk_features": [
        96,
        409,
        406,
        242,
        447,
        282,
        1263,
        243,
        510,
        351,
        261,
        218,
        258,
        324,
        460,
        534,
        268,
        356,
        486,
        112
      ],
      "jaccard_combined": 0.04411764705882353,
      "jaccard_union": 0.5161290322580645,
      "jaccard_sp_A": 0.5769230769230769,
      "jaccard_sp_B": 0.5066666666666667,
      "shared_with_combined": [
        486,
        1241,
        1477
      ],
      "shared_with_union": [
        96,
        409,
        406,
        242,
        447,
        282,
        1263,
        243,
        510,
        351,
        261,
        218,
        258,
        324,
        460,
        534,
        268,
        356,
        486,
        112
      ]
    },
    "syn-v3-BA": {
      "recon": {
        "rel_err": 0.03833631053566933,
        "cos_sim": 0.9981465935707092
      },
      "n_active": 58,
      "topk_features": [
        96,
        409,
        242,
        406,
        447,
        1263,
        282,
        243,
        510,
        351,
        258,
        261,
        534,
        218,
        324,
        268,
        486,
        112,
        460,
        453
      ],
      "jaccard_combined": 0.0547945205479452,
      "jaccard_union": 0.5473684210526316,
      "jaccard_sp_A": 0.5357142857142857,
      "jaccard_sp_B": 0.5657894736842105,
      "shared_with_combined": [
        486,
        1477,
        1241,
        2255
      ],
      "shared_with_union": [
        96,
        409,
        242,
        406,
        447,
        1263,
        282,
        243,
        510,
        351,
        258,
        261,
        534,
        218,
        324,
        268,
        486,
        112,
        460,
        453
      ]
    },
    "syn-v4-AB": {
      "recon": {
        "rel_err": 0.028237737715244293,
        "cos_sim": 0.9983157515525818
      },
      "n_active": 56,
      "topk_features": [
        96,
        409,
        406,
        447,
        242,
        282,
        243,
        1263,
        510,
        351,
        261,
        218,
        324,
        534,
        258,
        460,
        356,
        268,
        486,
        112
      ],
      "jaccard_combined": 0.041666666666666664,
      "jaccard_union": 0.5425531914893617,
      "jaccard_sp_A": 0.5875,
      "jaccard_sp_B": 0.5394736842105263,
      "shared_with_combined": [
        486,
        1241,
        1477
      ],