{
  "individual": {
    "||A||": 10.379180908203125,
    "||B||": 10.382344245910645,
    "cos(A, B)": 0.9314188361167908
  },
  "composites": {
    "vec-sum": {
      "||composite||": 10.201229095458984,
      "cos(composite, A)": 0.9826998710632324,
      "cos(composite, B)": 0.9827104806900024
    },
    "vec-mul": {
      "||composite||": 1.7446211576461792,
      "cos(composite, A)": 0.018483368679881096,
      "cos(composite, B)": 0.022472133859992027
    }
  }
}