{
  "combined_teacher": {
    "recon": {
      "rel_err": 0.005394868552684784,
      "cos_sim": 0.9984739422798157
    },
    "n_active": 20,
    "topk_features": [
      486,
      48,
      6571,
      3532,
      217,
      1837,
      1946,
      3,
      1477,
      166,
      401,
      237,
      502,
      6427,
      158,
      3932,
      552,
      190,
      1011,
      5136
    ]
  },
  "sp_A_individual": {
    "n_active": 75,
    "topk_features": [
      96,
      242,
      406,
      409,
      282,
      510,
      1263,
      258,
      243,
      351,
      218,
      447,
      261,
      486,
      413,
      460,
      326,
      146,
      268,
      3532
    ]
  },
  "sp_B_individual": {
    "n_active": 71,
    "topk_features": [
      96,
      406,
      242,
      282,
      409,
      447,
      510,
      243,
      1263,
      351,
      268,
      146,
      261,
      486,
      356,
      258,
      324,
      340,
      534,
      460
    ]
  },
  "sp_AB_union_size": 99,
  "conditions": {
    "syn-v1-AB": {
      "recon": {
        "rel_err": 0.03033580631017685,
        "cos_sim": 0.9981849193572998
      },
      "n_active": 64,
      "topk_features": [
        96,
        409,
        242,
        406,
        1263,
        510,
        282,
        243,
        447,
        351,
        218,
        258,
        261,
        486,
        268,
        413,
        146,
        112,
        534,
        324
      ],
      "jaccard_combined": 0.07692307692307693,
      "jaccard_union": 0.5673076923076923,
      "jaccard_sp_A": 0.6746987951807228,
      "jaccard_sp_B": 0.5,
      "shared_with_combined": [
        486,
        401,
        3532,
        1477,
        6571,
        1946
      ],
      "shared_with_union": [
        96,
        409,
        242,
        406,
        1263,
        510,
        282,
        243,
        447,
        351,
        218,
        258,
        261,
        486,
        268,
        413,
        146,
        112,
        534,
        324
      ]
    },
    "syn-v1-BA": {
      "recon": {
        "rel_err": 0.024757439270615578,
        "cos_sim": 0.9983693957328796
      },
      "n_active": 52,
      "topk_features": [
        96,
        409,
        242,
        406,
        1263,
        447,
        282,
        510,
        243,
        351,
        356,
        261,
        258,
        218,
        460,
        324,
        268,
        146,
        112,
        534
      ],
      "jaccard_combined": 0.058823529411764705,
      "jaccard_union": 0.49504950495049505,
      "jaccard_sp_A": 0.5487804878048781,
      "jaccard_sp_B": 0.5974025974025974,
      "shared_with_combined": [
        486,
        401,
        3532,
        1477
      ],
      "shared_with_union": [
        96,
        409,
        242,
        406,
        1263,
        447,
        282,
        510,
        243,
        351,
        356,
        261,
        258,
        218,
        460,
        324,
        268,
        146,
        112,
        534
      ]
    },
    "syn-v2-AB": {
      "recon": {
        "rel_err": 0.03038662113249302,
        "cos_sim": 0.9982239007949829
      },
      "n_active": 64,
      "topk_features": [
        96,
        242,
        409,
        406,
        1263,
        282,
        510,
        447,
        243,
        351,
        218,
        258,
        261,
        460,
        268,
        356,
        146,
        413,
        112,
        534
      ],
      "jaccard_combined": 0.06329113924050633,
      "jaccard_union": 0.5673076923076923,
      "jaccard_sp_A": 0.6352941176470588,
      "jaccard_sp_B": 0.5340909090909091,
      "shared_with_combined": [
        486,
        401,
        3532,
        1477,
        1946
      ],
      "shared_with_union": [
        96,
        242,
        409,
        406,
        1263,
        282,
        510,
        447,
        243,
        351,
        218,
        258,
        261,
        460,
        268,
        356,
        146,
        413,
        112,
        534
      ]
    },
    "syn-v2-BA": {
      "recon": {
        "rel_err": 0.02364039607346058,
        "cos_sim": 0.9984164237976074
      },
      "n_active": 54,
      "topk_features": [
        96,
        242,
        409,
        447,
        406,
        1263,
        282,
        510,
        243,
        351,
        356,
        218,
        261,
        258,
        460,
        146,
        268,
        324,
        112,
        534
      ],
      "jaccard_combined": 0.04225352112676056,
      "jaccard_union": 0.53,
      "jaccard_sp_A": 0.5176470588235295,
      "jaccard_sp_B": 0.6447368421052632,
      "shared_with_combined": [
        486,
        401,
        1477
      ],
      "shared_with_union": [
        96,
        242,
        409,
        447,
        406,
        1263,
        282,
        510,
        243,
        351,
        356,
        218,
        261,
        258,
        460,
        146,
        268,
        324,
        112,
        534
      ]
    },
    "vec-sum": {
      "recon": {
        "rel_err": 0.01919844187796116,
        "cos_sim": 0.9981856346130371
      },
      "n_active": 77,
      "topk_features": [
        96,
        409,
        447,
        282,
        406,
        242,
        510,
        1263,
        243,
        351,
        261,
        146,
        268,
        258,
        356,
        112,
        100,
        441,
        324,
        9262
      ],
      "jaccard_combined": 0.021052631578947368,
      "jaccard_union": 0.5304347826086957,
      "jaccard_sp_A": 0.504950495049505,
      "jaccard_sp_B": 0.5913978494623656,
      "shared_with_combined": [
        486,
        401
      ],
      "shared_with_union": [
        96,
        409,
        447,
        282,
        406,
        242,
        510,
        1263,
        243,
        351,
        261,
        146,
        268,
        258,
        356,
        112,
        100,
        441,
        324,
        9262
      ]
    },
    "vec-mul": {
      "recon": {
        "rel_err": 0.02310149557888508,
        "cos_sim": 0.9978270530700684
      },
      "n_active": 82,
      "topk_features": [
        447,
        96,
        409,
        406,
        387,
        205,
        282,
        510,
        441,
        112,
        146,
        9805,
        242,
        6979,
        6312,
        996,
        261,
        351,
        427,
        32
      ],
      "jaccard_combined": 0.009900990099009901,
      "jaccard_union": 0.33088235294117646,
      "jaccard_sp_A": 0.2975206611570248,
      "jaccard_sp_B": 0.39090909090909093,
      "shared_with_combined": [
        401
      ],
      "shared_with_union": [
        447,
        96,
        409,
        406,
        387,
        282,
        510,
        441,
        112,
        146,
        242,
        6312,
        261,
        351,
        427,
        32,
        268,
        159,
        567,
        356
      ]
    }
  }
}