{
  "individual": {
    "||A||": 10.379180908203125,
    "||B||": 10.454092025756836,
    "cos(A, B)": 0.9214614629745483
  },
  "composites": {
    "vec-sum": {
      "||composite||": 10.210063934326172,
      "cos(composite, A)": 0.9800244569778442,
      "cos(composite, B)": 0.9803125262260437
    },
    "vec-mul": {
      "||composite||": 1.7511054277420044,
      "cos(composite, A)": 0.010716285556554794,
      "cos(composite, B)": 0.00864294171333313
    }
  }
}