{
  "combined_teacher": {
    "recon": {
      "rel_err": 0.006705553736537695,
      "cos_sim": 0.9984503388404846
    },
    "n_active": 16,
    "topk_features": [
      486,
      48,
      6571,
      3532,
      401,
      3,
      2747,
      1837,
      190,
      1946,
      502,
      3932,
      1071,
      11172,
      158,
      3640,
      0,
      1,
      2,
      4
    ]
  },
  "sp_A_individual": {
    "n_active": 75,
    "topk_features": [
      96,
      242,
      406,
      409,
      282,
      510,
      1263,
      258,
      243,
      351,
      218,
      447,
      261,
      486,
      413,
      460,
      326,
      146,
      268,
      3532
    ]
  },
  "sp_B_individual": {
    "n_active": 89,
    "topk_features": [
      96,
      242,
      447,
      406,
      282,
      409,
      1263,
      510,
      486,
      243,
      218,
      534,
      261,
      460,
      258,
      441,
      428,
      146,
      401,
      351
    ]
  },
  "sp_AB_union_size": 108,
  "conditions": {
    "syn-v1-AB": {
      "recon": {
        "rel_err": 0.033833153545856476,
        "cos_sim": 0.9982953667640686
      },
      "n_active": 65,
      "topk_features": [
        96,
        409,
        242,
        406,
        1263,
        510,
        243,
        282,
        447,
        218,
        351,
        258,
        261,
        326,
        413,
        268,
        324,
        460,
        401,
        146
      ],
      "jaccard_combined": 0.038461538461538464,
      "jaccard_union": 0.5309734513274337,
      "jaccard_sp_A": 0.6470588235294118,
      "jaccard_sp_B": 0.5098039215686274,
      "shared_with_combined": [
        401,
        486,
        3532
      ],
      "shared_with_union": [
        96,
        409,
        242,
        406,
        1263,
        510,
        243,
        282,
        447,
        218,
        351,
        258,
        261,
        326,
        413,
        268,
        324,
        460,
        401,
        146
      ]
    },
    "syn-v1-BA": {
      "recon": {
        "rel_err": 0.027794187888503075,
        "cos_sim": 0.9985050559043884
      },
      "n_active": 81,
      "topk_features": [
        96,
        242,
        1263,
        447,
        409,
        406,
        510,
        282,
        243,
        218,
        351,
        261,
        460,
        326,
        324,
        258,
        534,
        428,
        268,
        486
      ],
      "jaccard_combined": 0.043010752688172046,
      "jaccard_union": 0.5882352941176471,
      "jaccard_sp_A": 0.5145631067961165,
      "jaccard_sp_B": 0.6666666666666666,
      "shared_with_combined": [
        486,
        401,
        1837,
        1071
      ],
      "shared_with_union": [
        96,
        242,
        1263,
        447,
        409,
        406,
        510,
        282,
        243,
        218,
        351,
        261,
        460,
        326,
        324,
        258,
        534,
        428,
        268,
        486
      ]
    },
    "syn-v2-AB": {
      "recon": {
        "rel_err": 0.03190285339951515,
        "cos_sim": 0.9983224272727966
      },
      "n_active": 61,
      "topk_features": [
        96,
        242,
        409,
        406,
        1263,
        510,
        447,
        282,
        243,
        218,
        258,
        351,
        261,
        460,
        326,
        268,
        324,
        413,
        112,
        401
      ],
      "jaccard_combined": 0.04054054054054054,
      "jaccard_union": 0.49557522123893805,
      "jaccard_sp_A": 0.6190476190476191,
      "jaccard_sp_B": 0.5,
      "shared_with_combined": [
        401,
        486,
        3532
      ],
      "shared_with_union": [
        96,
        242,
        409,
        406,
        1263,
        510,
        447,
        282,
        243,
        218,
        258,
        351,
        261,
        460,
        326,
        268,
        324,
        413,
        112,
        401
      ]
    },
    "syn-v2-BA": {
      "recon": {
        "rel_err": 0.026477279141545296,
        "cos_sim": 0.9985725283622742
      },
      "n_active": 75,
      "topk_features": [
        96,
        242,
        1263,
        447,
        409,
        510,
        406,
        218,
        282,
        243,
        460,
        351,
        261,
        428,
        534,
        258,
        324,
        486,
        326,
        116
      ],
      "jaccard_combined": 0.04597701149425287,
      "jaccard_union": 0.5775862068965517,
      "jaccard_sp_A": 0.5151515151515151,
      "jaccard_sp_B": 0.64,
      "shared_with_combined": [
        486,
        401,
        6571,
        1837
      ],
      "shared_with_union": [
        96,
        242,
        1263,
        447,
        409,
        510,
        406,
        218,
        282,
        243,
        460,
        351,
        261,
        428,
        534,
        258,
        324,
        486,
        326,
        116
      ]
    },
    "syn-v3-AB": {
      "recon": {
        "rel_err": 0.031642213463783264,
        "cos_sim": 0.9982932209968567
      },
      "n_active": 66,
      "topk_features": [
        96,
        409,
        242,
        406,
        1263,
        510,
        243,
        218,
        447,
        351,
        282,
        261,
        258,
        326,
        324,
        268,
        413,
        486,
        401,
        460
      ],
      "jaccard_combined": 0.06493506493506493,
      "jaccard_union": 0.5130434782608696,
      "jaccard_sp_A": 0.6395348837209303,
      "jaccard_sp_B": 0.49038461538461536,
      "shared_with_combined": [
        486,
        401,
        3532,
        6571,
        1946
      ],
      "shared_with_union": [
        96,
        409,
        242,
        406,
        1263,
        510,
        243,
        218,
        447,
        351,
        282,
        261,
        258,
        326,
        324,
        268,
        413,
        486,
        401,
        460
      ]
    },
    "syn-v3-BA": {
      "recon": {
        "rel_err": 0.02606092020869255,
        "cos_sim": 0.9985520839691162
      },
      "n_active": 73,
      "topk_features": [
        96,
        242,
        1263,
        409,
        447,
        406,
        510,
        282,
        218,
        243,
        261,
        351,
        460,
        258,
        326,
        324,
        534,
        428,
        116,
        268
      ],
      "jaccard_combined": 0.047058823529411764,
      "jaccard_union": 0.5470085470085471,
      "jaccard_sp_A": 0.574468085106383,
      "jaccard_sp_B": 0.5882352941176471,
      "shared_with_combined": [
        486,
        401,
        6571,
        1837
      ],
      "shared_with_union": [
        96,
        242,
        1263,
        409,
        447,
        406,
        510,
        282,
        218,
        243,
        261,
        351,
        460,
        258,
        326,
        324,
        534,
        428,
        116,
        268
      ]
    },
    "syn-v4-AB": {
      "recon": {
        "rel_err": 0.034277528524398804,
        "cos_sim": 0.9982571005821228
      },
      "n_active": 62,
      "topk_features": [
        96,
        409,
        242,
        406,
        1263,
        510,
        243,
        282,
        218,
        447,
        351,
        258,
        261,
        326,
        268,
        413,
        324,
        486,
        401,
        146
      ],
      "jaccard_combined": 0.04,
      "jaccard_union": 0.5178571428571429,
      "jaccard_sp_A": 0.6309523809523809,
      "jaccard_sp_B": 0.49504950495049505,
      "shared_with_combined": [
        486,
        401,
        3532
      ],